[{"pk": 29, "model": "contenttypes.contenttype", "fields": {"model": "action", "name": "action", "app_label": "guides"}}, {"pk": 16, "model": "contenttypes.contenttype", "fields": {"model": "apiaccess", "name": "api access", "app_label": "tastypie"}}, {"pk": 17, "model": "contenttypes.contenttype", "fields": {"model": "apikey", "name": "api key", "app_label": "tastypie"}}, {"pk": 26, "model": "contenttypes.contenttype", "fields": {"model": "card", "name": "card", "app_label": "guides"}}, {"pk": 27, "model": "contenttypes.contenttype", "fields": {"model": "commentcard", "name": "comment card", "app_label": "guides"}}, {"pk": 30, "model": "contenttypes.contenttype", "fields": {"model": "condition", "name": "condition", "app_label": "guides"}}, {"pk": 5, "model": "contenttypes.contenttype", "fields": {"model": "contenttype", "name": "content type", "app_label": "contenttypes"}}, {"pk": 2, "model": "contenttypes.contenttype", "fields": {"model": "group", "name": "group", "app_label": "auth"}}, {"pk": 9, "model": "contenttypes.contenttype", "fields": {"model": "group_perms", "name": "group_ perms", "app_label": "object_permissions"}}, {"pk": 25, "model": "contenttypes.contenttype", "fields": {"model": "guide", "name": "guide", "app_label": "guides"}}, {"pk": 22, "model": "contenttypes.contenttype", "fields": {"model": "image", "name": "image", "app_label": "fileupload"}}, {"pk": 33, "model": "contenttypes.contenttype", "fields": {"model": "inputelement", "name": "input element", "app_label": "guides"}}, {"pk": 12, "model": "contenttypes.contenttype", "fields": {"model": "invitationkey", "name": "invitation key", "app_label": "invitation"}}, {"pk": 13, "model": "contenttypes.contenttype", "fields": {"model": "invitationuser", "name": "invitation user", "app_label": "invitation"}}, {"pk": 8, "model": "contenttypes.contenttype", "fields": {"model": "logentry", "name": "log entry", "app_label": "admin"}}, {"pk": 32, "model": "contenttypes.contenttype", "fields": {"model": "mapelement", "name": "map element", "app_label": "guides"}}, {"pk": 31, "model": "contenttypes.contenttype", "fields": {"model": "mappointelement", "name": "map point element", "app_label": "guides"}}, {"pk": 28, "model": "contenttypes.contenttype", "fields": {"model": "mediaelement", "name": "media element", "app_label": "guides"}}, {"pk": 4, "model": "contenttypes.contenttype", "fields": {"model": "message", "name": "message", "app_label": "auth"}}, {"pk": 18, "model": "contenttypes.contenttype", "fields": {"model": "migrationhistory", "name": "migration history", "app_label": "south"}}, {"pk": 1, "model": "contenttypes.contenttype", "fields": {"model": "permission", "name": "permission", "app_label": "auth"}}, {"pk": 19, "model": "contenttypes.contenttype", "fields": {"model": "userprofile", "name": "profile", "app_label": "accounts"}}, {"pk": 14, "model": "contenttypes.contenttype", "fields": {"model": "registrationprofile", "name": "registration profile", "app_label": "registration"}}, {"pk": 6, "model": "contenttypes.contenttype", "fields": {"model": "session", "name": "session", "app_label": "sessions"}}, {"pk": 7, "model": "contenttypes.contenttype", "fields": {"model": "site", "name": "site", "app_label": "sites"}}, {"pk": 10, "model": "contenttypes.contenttype", "fields": {"model": "tag", "name": "tag", "app_label": "tagging"}}, {"pk": 11, "model": "contenttypes.contenttype", "fields": {"model": "taggeditem", "name": "tagged item", "app_label": "tagging"}}, {"pk": 15, "model": "contenttypes.contenttype", "fields": {"model": "thef", "name": "the f", "app_label": "thef"}}, {"pk": 24, "model": "contenttypes.contenttype", "fields": {"model": "theme", "name": "theme", "app_label": "guides"}}, {"pk": 21, "model": "contenttypes.contenttype", "fields": {"model": "upvote", "name": "upvote", "app_label": "accounts"}}, {"pk": 3, "model": "contenttypes.contenttype", "fields": {"model": "user", "name": "user", "app_label": "auth"}}, {"pk": 23, "model": "contenttypes.contenttype", "fields": {"model": "userfile", "name": "user file", "app_label": "fileupload"}}, {"pk": 20, "model": "contenttypes.contenttype", "fields": {"model": "viewing", "name": "viewing", "app_label": "accounts"}}, {"pk": "1dfb17cdd7c37ca02faaba9441614901", "model": "sessions.session", "fields": {"expire_date": "2011-10-07 14:48:37", "session_data": "NGY0YTllMmFhYzRmYTViMGZjOGRmYTNmNDE0N2U2MWUwNjBmYjVhYTqAAn1xAShVEl9hdXRoX3Vz\nZXJfYmFja2VuZHECVSlkamFuZ28uY29udHJpYi5hdXRoLmJhY2tlbmRzLk1vZGVsQmFja2VuZHED\nVQ1fYXV0aF91c2VyX2lkcQRLAXUu\n"}}, {"pk": "e05047491fcf390de7926dc7e9df0ba0", "model": "sessions.session", "fields": {"expire_date": "2011-10-08 00:35:58", "session_data": "NGY0YTllMmFhYzRmYTViMGZjOGRmYTNmNDE0N2U2MWUwNjBmYjVhYTqAAn1xAShVEl9hdXRoX3Vz\nZXJfYmFja2VuZHECVSlkamFuZ28uY29udHJpYi5hdXRoLmJhY2tlbmRzLk1vZGVsQmFja2VuZHED\nVQ1fYXV0aF91c2VyX2lkcQRLAXUu\n"}}, {"pk": "543632278367fdc2375fc8646b548cac", "model": "sessions.session", "fields": {"expire_date": "2011-10-08 13:27:27", "session_data": "NGY0YTllMmFhYzRmYTViMGZjOGRmYTNmNDE0N2U2MWUwNjBmYjVhYTqAAn1xAShVEl9hdXRoX3Vz\nZXJfYmFja2VuZHECVSlkamFuZ28uY29udHJpYi5hdXRoLmJhY2tlbmRzLk1vZGVsQmFja2VuZHED\nVQ1fYXV0aF91c2VyX2lkcQRLAXUu\n"}}, {"pk": 1, "model": "sites.site", "fields": {"domain": "example.com", "name": "example.com"}}, {"pk": 20, "model": "admin.logentry", "fields": {"action_flag": 2, "action_time": "2011-09-26 00:16:15", "object_repr": "Poooooooooooof", "object_id": "9", "change_message": "Changed owner.", "user": 1, "content_type": 25}}, {"pk": 19, "model": "admin.logentry", "fields": {"action_flag": 2, "action_time": "2011-09-24 14:26:13", "object_repr": "eeetest guide", "object_id": "1", "change_message": "Changed description, card_order and floating_list.", "user": 1, "content_type": 25}}, {"pk": 18, "model": "admin.logentry", "fields": {"action_flag": 2, "action_time": "2011-09-23 15:14:25", "object_repr": "Testy is pub", "object_id": "3", "change_message": "Changed title, card_order and published.", "user": 1, "content_type": 25}}, {"pk": 17, "model": "admin.logentry", "fields": {"action_flag": 2, "action_time": "2011-09-23 14:55:10", "object_repr": "test2", "object_id": "2", "change_message": "Changed user_permissions.", "user": 1, "content_type": 3}}, {"pk": 16, "model": "admin.logentry", "fields": {"action_flag": 1, "action_time": "2011-09-23 14:46:02", "object_repr": "test2", "object_id": "2", "change_message": "", "user": 1, "content_type": 3}}, {"pk": 15, "model": "admin.logentry", "fields": {"action_flag": 2, "action_time": "2011-09-23 14:33:04", "object_repr": "Testy", "object_id": "3", "change_message": "Changed card_order and thumb.", "user": 1, "content_type": 25}}, {"pk": 14, "model": "admin.logentry", "fields": {"action_flag": 2, "action_time": "2011-09-23 14:29:17", "object_repr": "Testy", "object_id": "3", "change_message": "Changed card_order.", "user": 1, "content_type": 25}}, {"pk": 13, "model": "admin.logentry", "fields": {"action_flag": 3, "action_time": "2011-09-23 13:46:23", "object_repr": "userfiles/1pwhite_9.png", "object_id": "1", "change_message": "", "user": 1, "content_type": 23}}, {"pk": 12, "model": "admin.logentry", "fields": {"action_flag": 2, "action_time": "2011-09-23 12:06:40", "object_repr": "eeetest guide", "object_id": "1", "change_message": "Changed card_order, floating_list and private.", "user": 1, "content_type": 25}}, {"pk": 11, "model": "admin.logentry", "fields": {"action_flag": 2, "action_time": "2011-09-22 18:29:30", "object_repr": "eeetest guide", "object_id": "1", "change_message": "Changed tags, card_order and floating_list.", "user": 1, "content_type": 25}}, {"pk": 10, "model": "admin.logentry", "fields": {"action_flag": 2, "action_time": "2011-09-22 18:28:59", "object_repr": "eeetest guide", "object_id": "1", "change_message": "Changed tags, card_order and floating_list.", "user": 1, "content_type": 25}}, {"pk": 9, "model": "admin.logentry", "fields": {"action_flag": 2, "action_time": "2011-09-22 17:04:04", "object_repr": "food", "object_id": "1", "change_message": "Changed name.", "user": 1, "content_type": 10}}, {"pk": 8, "model": "admin.logentry", "fields": {"action_flag": 2, "action_time": "2011-09-22 17:03:56", "object_repr": "food/cooking", "object_id": "1", "change_message": "Changed name.", "user": 1, "content_type": 10}}, {"pk": 7, "model": "admin.logentry", "fields": {"action_flag": 2, "action_time": "2011-09-22 17:03:26", "object_repr": "\"food & cooking\"", "object_id": "1", "change_message": "Changed name.", "user": 1, "content_type": 10}}, {"pk": 6, "model": "admin.logentry", "fields": {"action_flag": 2, "action_time": "2011-09-22 17:03:07", "object_repr": "food&cooking", "object_id": "1", "change_message": "Changed name.", "user": 1, "content_type": 10}}, {"pk": 5, "model": "admin.logentry", "fields": {"action_flag": 2, "action_time": "2011-09-22 17:02:39", "object_repr": "food", "object_id": "1", "change_message": "Changed name.", "user": 1, "content_type": 10}}, {"pk": 4, "model": "admin.logentry", "fields": {"action_flag": 1, "action_time": "2011-09-22 17:02:20", "object_repr": "fiction", "object_id": "4", "change_message": "", "user": 1, "content_type": 10}}, {"pk": 3, "model": "admin.logentry", "fields": {"action_flag": 1, "action_time": "2011-09-22 17:02:16", "object_repr": "DIY", "object_id": "3", "change_message": "", "user": 1, "content_type": 10}}, {"pk": 2, "model": "admin.logentry", "fields": {"action_flag": 1, "action_time": "2011-09-22 17:02:12", "object_repr": "travel", "object_id": "2", "change_message": "", "user": 1, "content_type": 10}}, {"pk": 1, "model": "admin.logentry", "fields": {"action_flag": 1, "action_time": "2011-09-22 17:02:06", "object_repr": "food/cooking", "object_id": "1", "change_message": "", "user": 1, "content_type": 10}}, {"pk": 3, "model": "tagging.tag", "fields": {"name": "DIY"}}, {"pk": 23, "model": "tagging.tag", "fields": {"name": "c"}}, {"pk": 16, "model": "tagging.tag", "fields": {"name": "coal"}}, {"pk": 15, "model": "tagging.tag", "fields": {"name": "cooking"}}, {"pk": 12, "model": "tagging.tag", "fields": {"name": "cool"}}, {"pk": 7, "model": "tagging.tag", "fields": {"name": "di"}}, {"pk": 24, "model": "tagging.tag", "fields": {"name": "diy"}}, {"pk": 17, "model": "tagging.tag", "fields": {"name": "dogs"}}, {"pk": 14, "model": "tagging.tag", "fields": {"name": "eeesup"}}, {"pk": 6, "model": "tagging.tag", "fields": {"name": "efef"}}, {"pk": 4, "model": "tagging.tag", "fields": {"name": "fiction"}}, {"pk": 1, "model": "tagging.tag", "fields": {"name": "food"}}, {"pk": 5, "model": "tagging.tag", "fields": {"name": "puke"}}, {"pk": 20, "model": "tagging.tag", "fields": {"name": "radishes"}}, {"pk": 21, "model": "tagging.tag", "fields": {"name": "radishes cooking"}}, {"pk": 19, "model": "tagging.tag", "fields": {"name": "spiders"}}, {"pk": 22, "model": "tagging.tag", "fields": {"name": "stupid"}}, {"pk": 11, "model": "tagging.tag", "fields": {"name": "su"}}, {"pk": 10, "model": "tagging.tag", "fields": {"name": "sum41sucks"}}, {"pk": 13, "model": "tagging.tag", "fields": {"name": "sup"}}, {"pk": 18, "model": "tagging.tag", "fields": {"name": "super coal"}}, {"pk": 8, "model": "tagging.tag", "fields": {"name": "supercool"}}, {"pk": 9, "model": "tagging.tag", "fields": {"name": "superdupercool"}}, {"pk": 2, "model": "tagging.tag", "fields": {"name": "travel"}}, {"pk": 1, "model": "tagging.taggeditem", "fields": {"tag": 15, "object_id": 1, "content_type": 25}}, {"pk": 2, "model": "tagging.taggeditem", "fields": {"tag": 19, "object_id": 5, "content_type": 25}}, {"pk": 3, "model": "tagging.taggeditem", "fields": {"tag": 16, "object_id": 4, "content_type": 25}}, {"pk": 4, "model": "tagging.taggeditem", "fields": {"tag": 21, "object_id": 4, "content_type": 25}}, {"pk": 5, "model": "tagging.taggeditem", "fields": {"tag": 15, "object_id": 6, "content_type": 25}}, {"pk": 6, "model": "tagging.taggeditem", "fields": {"tag": 22, "object_id": 16, "content_type": 25}}, {"pk": 7, "model": "tagging.taggeditem", "fields": {"tag": 15, "object_id": 16, "content_type": 25}}, {"pk": 8, "model": "tagging.taggeditem", "fields": {"tag": 24, "object_id": 16, "content_type": 25}}, {"pk": 9, "model": "tagging.taggeditem", "fields": {"tag": 22, "object_id": 9, "content_type": 25}}, {"pk": 11, "model": "tagging.taggeditem", "fields": {"tag": 24, "object_id": 17, "content_type": 25}}, {"pk": 12, "model": "tagging.taggeditem", "fields": {"tag": 22, "object_id": 17, "content_type": 25}}, {"pk": 13, "model": "tagging.taggeditem", "fields": {"tag": 24, "object_id": 18, "content_type": 25}}, {"pk": 1, "model": "invitation.invitationuser", "fields": {"invitations_remaining": 2, "inviter": 1}}, {"pk": 2, "model": "invitation.invitationuser", "fields": {"invitations_remaining": 2, "inviter": 2}}, {"pk": 1, "model": "accounts.userprofile", "fields": {"website": null, "about": null, "name": null, "is_new_here": true, "location": null, "user": 1}}, {"pk": 2, "model": "accounts.userprofile", "fields": {"website": null, "about": null, "name": null, "is_new_here": true, "location": null, "user": 2}}, {"pk": 1, "model": "fileupload.image", "fields": {"original_image": "userfiles/1pwhite_9.png"}}, {"pk": 2, "model": "fileupload.image", "fields": {"original_image": "userfiles/1pwhite_10.png"}}, {"pk": 3, "model": "fileupload.image", "fields": {"original_image": "userfiles/11blue_10.png"}}, {"pk": 4, "model": "fileupload.image", "fields": {"original_image": "userfiles/1pwhite_11.png"}}, {"pk": 5, "model": "fileupload.image", "fields": {"original_image": "userfiles/11blue_11.png"}}, {"pk": 6, "model": "fileupload.image", "fields": {"original_image": "userfiles/1pwhite_12.png"}}, {"pk": 7, "model": "fileupload.image", "fields": {"original_image": "userfiles/a_72.png"}}, {"pk": 8, "model": "fileupload.image", "fields": {"original_image": "userfiles/BADonion_2.JPG"}}, {"pk": 9, "model": "fileupload.image", "fields": {"original_image": "userfiles/spiderspider_12.png"}}, {"pk": 10, "model": "fileupload.image", "fields": {"original_image": "userfiles/radish2_3.png"}}, {"pk": 11, "model": "fileupload.image", "fields": {"original_image": "userfiles/spiderspider_13.png"}}, {"pk": 12, "model": "fileupload.image", "fields": {"original_image": "userfiles/1pwhite_13.png"}}, {"pk": 13, "model": "fileupload.image", "fields": {"original_image": "userfiles/1pwhite_14.png"}}, {"pk": 14, "model": "fileupload.image", "fields": {"original_image": "userfiles/radish2_4.png"}}, {"pk": 15, "model": "fileupload.image", "fields": {"original_image": "userfiles/kk_32.png"}}, {"pk": 16, "model": "fileupload.image", "fields": {"original_image": "userfiles/1pwhite_15.png"}}, {"pk": 17, "model": "fileupload.image", "fields": {"original_image": "userfiles/Screen_shot_2011-03-27_at_9.40.png"}}, {"pk": 18, "model": "fileupload.image", "fields": {"original_image": "userfiles/11blue_12.png"}}, {"pk": 19, "model": "fileupload.image", "fields": {"original_image": "userfiles/1pwhite_16.png"}}, {"pk": 20, "model": "fileupload.image", "fields": {"original_image": "userfiles/1pwhite_17.png"}}, {"pk": 21, "model": "fileupload.image", "fields": {"original_image": "userfiles/1pwhite_18.png"}}, {"pk": 22, "model": "fileupload.image", "fields": {"original_image": "userfiles/kk_33.png"}}, {"pk": 23, "model": "fileupload.image", "fields": {"original_image": "userfiles/kk_34.png"}}, {"pk": 24, "model": "fileupload.image", "fields": {"original_image": "userfiles/kk_35.png"}}, {"pk": 25, "model": "fileupload.image", "fields": {"original_image": "userfiles/kk_36.png"}}, {"pk": 26, "model": "fileupload.image", "fields": {"original_image": "userfiles/1pwhite_19.png"}}, {"pk": 27, "model": "fileupload.image", "fields": {"original_image": "userfiles/11blue_13.png"}}, {"pk": 28, "model": "fileupload.image", "fields": {"original_image": "userfiles/1pwhite_20.png"}}, {"pk": 29, "model": "fileupload.image", "fields": {"original_image": "userfiles/1pwhite_21.png"}}, {"pk": 30, "model": "fileupload.image", "fields": {"original_image": "userfiles/1pwhite_22.png"}}, {"pk": 31, "model": "fileupload.image", "fields": {"original_image": "userfiles/kk_37.png"}}, {"pk": 32, "model": "fileupload.image", "fields": {"original_image": "userfiles/kk_38.png"}}, {"pk": 33, "model": "fileupload.image", "fields": {"original_image": "userfiles/kk_39.png"}}, {"pk": 34, "model": "fileupload.image", "fields": {"original_image": "userfiles/radish2_5.png"}}, {"pk": 35, "model": "fileupload.image", "fields": {"original_image": "userfiles/radish2_6.png"}}, {"pk": 36, "model": "fileupload.image", "fields": {"original_image": "userfiles/radish2_7.png"}}, {"pk": 37, "model": "fileupload.image", "fields": {"original_image": "userfiles/1pwhite_23.png"}}, {"pk": 38, "model": "fileupload.image", "fields": {"original_image": "userfiles/1pwhite_24.png"}}, {"pk": 39, "model": "fileupload.image", "fields": {"original_image": "userfiles/lil_17.png"}}, {"pk": 40, "model": "fileupload.image", "fields": {"original_image": "userfiles/1pwhite_25.png"}}, {"pk": 41, "model": "fileupload.image", "fields": {"original_image": "userfiles/cr22_8.png"}}, {"pk": 42, "model": "fileupload.image", "fields": {"original_image": "userfiles/11blue_14.png"}}, {"pk": 43, "model": "fileupload.image", "fields": {"original_image": "userfiles/1pwhite_26.png"}}, {"pk": 44, "model": "fileupload.image", "fields": {"original_image": "userfiles/11blue_15.png"}}, {"pk": 45, "model": "fileupload.image", "fields": {"original_image": "userfiles/1pwhite_27.png"}}, {"pk": 46, "model": "fileupload.image", "fields": {"original_image": "userfiles/1pwhite_28.png"}}, {"pk": 47, "model": "fileupload.image", "fields": {"original_image": "userfiles/1pwhite_29.png"}}, {"pk": 48, "model": "fileupload.image", "fields": {"original_image": "userfiles/1pwhite_30.png"}}, {"pk": 49, "model": "fileupload.image", "fields": {"original_image": "userfiles/a_73.png"}}, {"pk": 50, "model": "fileupload.image", "fields": {"original_image": "userfiles/1pwhite_31.png"}}, {"pk": 51, "model": "fileupload.image", "fields": {"original_image": "userfiles/11blue_16.png"}}, {"pk": 52, "model": "fileupload.image", "fields": {"original_image": "userfiles/11blue_17.png"}}, {"pk": 53, "model": "fileupload.image", "fields": {"original_image": "userfiles/1pwhite_32.png"}}, {"pk": 54, "model": "fileupload.image", "fields": {"original_image": "userfiles/1pwhite_33.png"}}, {"pk": 55, "model": "fileupload.image", "fields": {"original_image": "userfiles/1pwhite_34.png"}}, {"pk": 56, "model": "fileupload.image", "fields": {"original_image": "userfiles/1pwhite_35.png"}}, {"pk": 57, "model": "fileupload.image", "fields": {"original_image": "userfiles/1pwhite_36.png"}}, {"pk": 58, "model": "fileupload.image", "fields": {"original_image": "userfiles/1pwhite_37.png"}}, {"pk": 59, "model": "fileupload.image", "fields": {"original_image": "userfiles/1pwhite_38.png"}}, {"pk": 60, "model": "fileupload.image", "fields": {"original_image": "userfiles/1pwhite_39.png"}}, {"pk": 61, "model": "fileupload.image", "fields": {"original_image": "userfiles/bird_9.png"}}, {"pk": 75, "model": "fileupload.userfile", "fields": {"created": "2011-09-29 17:35:07", "image": 61, "display_url": "http://guideslybetauserfiles.s3.amazonaws.com/userimagecache/userfiles/bird_9_display_image.png", "medium_url": "http://guideslybetauserfiles.s3.amazonaws.com/userimagecache/userfiles/bird_9_medium_image.png", "file": "userfiles/bird_9.png", "owner": 1, "thumb_url": "http://guideslybetauserfiles.s3.amazonaws.com/userimagecache/userfiles/bird_9_thumbnail_image.png", "type": "image", "slug": "bird.png"}}, {"pk": 74, "model": "fileupload.userfile", "fields": {"created": "2011-09-29 11:33:20", "image": 60, "display_url": "http://guideslybetauserfiles.s3.amazonaws.com/userimagecache/userfiles/1pwhite_39_display_image.png", "medium_url": "http://guideslybetauserfiles.s3.amazonaws.com/userimagecache/userfiles/1pwhite_39_medium_image.png", "file": "userfiles/1pwhite_39.png", "owner": 1, "thumb_url": "http://guideslybetauserfiles.s3.amazonaws.com/userimagecache/userfiles/1pwhite_39_thumbnail_image.png", "type": "image", "slug": "1pwhite.png"}}, {"pk": 73, "model": "fileupload.userfile", "fields": {"created": "2011-09-29 11:33:06", "image": null, "display_url": "", "medium_url": "", "file": "userfiles/markdown_6.txt", "owner": 1, "thumb_url": "", "type": "other", "slug": "markdown.txt"}}, {"pk": 72, "model": "fileupload.userfile", "fields": {"created": "2011-09-29 11:31:59", "image": 59, "display_url": "http://guideslybetauserfiles.s3.amazonaws.com/userimagecache/userfiles/1pwhite_38_display_image.png", "medium_url": "http://guideslybetauserfiles.s3.amazonaws.com/userimagecache/userfiles/1pwhite_38_medium_image.png", "file": "userfiles/1pwhite_38.png", "owner": 1, "thumb_url": "http://guideslybetauserfiles.s3.amazonaws.com/userimagecache/userfiles/1pwhite_38_thumbnail_image.png", "type": "image", "slug": "1pwhite.png"}}, {"pk": 71, "model": "fileupload.userfile", "fields": {"created": "2011-09-29 11:29:56", "image": 58, "display_url": "http://guideslybetauserfiles.s3.amazonaws.com/userimagecache/userfiles/1pwhite_37_display_image.png", "medium_url": "http://guideslybetauserfiles.s3.amazonaws.com/userimagecache/userfiles/1pwhite_37_medium_image.png", "file": "userfiles/1pwhite_37.png", "owner": 1, "thumb_url": "http://guideslybetauserfiles.s3.amazonaws.com/userimagecache/userfiles/1pwhite_37_thumbnail_image.png", "type": "image", "slug": "1pwhite.png"}}, {"pk": 70, "model": "fileupload.userfile", "fields": {"created": "2011-09-29 11:28:46", "image": 57, "display_url": "http://guideslybetauserfiles.s3.amazonaws.com/userimagecache/userfiles/1pwhite_36_display_image.png", "medium_url": "http://guideslybetauserfiles.s3.amazonaws.com/userimagecache/userfiles/1pwhite_36_medium_image.png", "file": "userfiles/1pwhite_36.png", "owner": 1, "thumb_url": "http://guideslybetauserfiles.s3.amazonaws.com/userimagecache/userfiles/1pwhite_36_thumbnail_image.png", "type": "image", "slug": "1pwhite.png"}}, {"pk": 69, "model": "fileupload.userfile", "fields": {"created": "2011-09-29 11:27:46", "image": 56, "display_url": "http://guideslybetauserfiles.s3.amazonaws.com/userimagecache/userfiles/1pwhite_35_display_image.png", "medium_url": "http://guideslybetauserfiles.s3.amazonaws.com/userimagecache/userfiles/1pwhite_35_medium_image.png", "file": "userfiles/1pwhite_35.png", "owner": 1, "thumb_url": "http://guideslybetauserfiles.s3.amazonaws.com/userimagecache/userfiles/1pwhite_35_thumbnail_image.png", "type": "image", "slug": "1pwhite.png"}}, {"pk": 68, "model": "fileupload.userfile", "fields": {"created": "2011-09-29 11:27:13", "image": null, "display_url": "", "medium_url": "", "file": "userfiles/markdown_5.txt", "owner": 1, "thumb_url": "", "type": "other", "slug": "markdown.txt"}}, {"pk": 67, "model": "fileupload.userfile", "fields": {"created": "2011-09-29 11:26:56", "image": 55, "display_url": "http://guideslybetauserfiles.s3.amazonaws.com/userimagecache/userfiles/1pwhite_34_display_image.png", "medium_url": "http://guideslybetauserfiles.s3.amazonaws.com/userimagecache/userfiles/1pwhite_34_medium_image.png", "file": "userfiles/1pwhite_34.png", "owner": 1, "thumb_url": "http://guideslybetauserfiles.s3.amazonaws.com/userimagecache/userfiles/1pwhite_34_thumbnail_image.png", "type": "image", "slug": "1pwhite.png"}}, {"pk": 66, "model": "fileupload.userfile", "fields": {"created": "2011-09-29 11:26:12", "image": 54, "display_url": "http://guideslybetauserfiles.s3.amazonaws.com/userimagecache/userfiles/1pwhite_33_display_image.png", "medium_url": "http://guideslybetauserfiles.s3.amazonaws.com/userimagecache/userfiles/1pwhite_33_medium_image.png", "file": "userfiles/1pwhite_33.png", "owner": 1, "thumb_url": "http://guideslybetauserfiles.s3.amazonaws.com/userimagecache/userfiles/1pwhite_33_thumbnail_image.png", "type": "image", "slug": "1pwhite.png"}}, {"pk": 65, "model": "fileupload.userfile", "fields": {"created": "2011-09-29 11:25:00", "image": 53, "display_url": "http://guideslybetauserfiles.s3.amazonaws.com/userimagecache/userfiles/1pwhite_32_display_image.png", "medium_url": "http://guideslybetauserfiles.s3.amazonaws.com/userimagecache/userfiles/1pwhite_32_medium_image.png", "file": "userfiles/1pwhite_32.png", "owner": 1, "thumb_url": "http://guideslybetauserfiles.s3.amazonaws.com/userimagecache/userfiles/1pwhite_32_thumbnail_image.png", "type": "image", "slug": "1pwhite.png"}}, {"pk": 64, "model": "fileupload.userfile", "fields": {"created": "2011-09-29 11:24:36", "image": null, "display_url": "", "medium_url": "", "file": "userfiles/01_AM_7.mp3", "owner": 1, "thumb_url": "", "type": "audio", "slug": "01 (AM).mp3"}}, {"pk": 63, "model": "fileupload.userfile", "fields": {"created": "2011-09-29 11:23:13", "image": 52, "display_url": "http://guideslybetauserfiles.s3.amazonaws.com/userimagecache/userfiles/11blue_17_display_image.png", "medium_url": "http://guideslybetauserfiles.s3.amazonaws.com/userimagecache/userfiles/11blue_17_medium_image.png", "file": "userfiles/11blue_17.png", "owner": 1, "thumb_url": "http://guideslybetauserfiles.s3.amazonaws.com/userimagecache/userfiles/11blue_17_thumbnail_image.png", "type": "image", "slug": "11blue.png"}}, {"pk": 62, "model": "fileupload.userfile", "fields": {"created": "2011-09-29 11:19:36", "image": 51, "display_url": "http://guideslybetauserfiles.s3.amazonaws.com/userimagecache/userfiles/11blue_16_display_image.png", "medium_url": "http://guideslybetauserfiles.s3.amazonaws.com/userimagecache/userfiles/11blue_16_medium_image.png", "file": "userfiles/11blue_16.png", "owner": 1, "thumb_url": "http://guideslybetauserfiles.s3.amazonaws.com/userimagecache/userfiles/11blue_16_thumbnail_image.png", "type": "image", "slug": "11blue.png"}}, {"pk": 61, "model": "fileupload.userfile", "fields": {"created": "2011-09-29 11:19:09", "image": 50, "display_url": "http://guideslybetauserfiles.s3.amazonaws.com/userimagecache/userfiles/1pwhite_31_display_image.png", "medium_url": "http://guideslybetauserfiles.s3.amazonaws.com/userimagecache/userfiles/1pwhite_31_medium_image.png", "file": "userfiles/1pwhite_31.png", "owner": 1, "thumb_url": "http://guideslybetauserfiles.s3.amazonaws.com/userimagecache/userfiles/1pwhite_31_thumbnail_image.png", "type": "image", "slug": "1pwhite.png"}}, {"pk": 60, "model": "fileupload.userfile", "fields": {"created": "2011-09-29 11:15:09", "image": 49, "display_url": "http://guideslybetauserfiles.s3.amazonaws.com/userimagecache/userfiles/a_73_display_image.png", "medium_url": "http://guideslybetauserfiles.s3.amazonaws.com/userimagecache/userfiles/a_73_medium_image.png", "file": "userfiles/a_73.png", "owner": 1, "thumb_url": "http://guideslybetauserfiles.s3.amazonaws.com/userimagecache/userfiles/a_73_thumbnail_image.png", "type": "image", "slug": "a.png"}}, {"pk": 59, "model": "fileupload.userfile", "fields": {"created": "2011-09-29 11:14:35", "image": 48, "display_url": "http://guideslybetauserfiles.s3.amazonaws.com/userimagecache/userfiles/1pwhite_30_display_image.png", "medium_url": "http://guideslybetauserfiles.s3.amazonaws.com/userimagecache/userfiles/1pwhite_30_medium_image.png", "file": "userfiles/1pwhite_30.png", "owner": 1, "thumb_url": "http://guideslybetauserfiles.s3.amazonaws.com/userimagecache/userfiles/1pwhite_30_thumbnail_image.png", "type": "image", "slug": "1pwhite.png"}}, {"pk": 58, "model": "fileupload.userfile", "fields": {"created": "2011-09-29 11:13:59", "image": null, "display_url": "", "medium_url": "", "file": "userfiles/01_AM_6.mp3", "owner": 1, "thumb_url": "", "type": "audio", "slug": "01 (AM).mp3"}}, {"pk": 57, "model": "fileupload.userfile", "fields": {"created": "2011-09-29 11:13:24", "image": 47, "display_url": "http://guideslybetauserfiles.s3.amazonaws.com/userimagecache/userfiles/1pwhite_29_display_image.png", "medium_url": "http://guideslybetauserfiles.s3.amazonaws.com/userimagecache/userfiles/1pwhite_29_medium_image.png", "file": "userfiles/1pwhite_29.png", "owner": 1, "thumb_url": "http://guideslybetauserfiles.s3.amazonaws.com/userimagecache/userfiles/1pwhite_29_thumbnail_image.png", "type": "image", "slug": "1pwhite.png"}}, {"pk": 56, "model": "fileupload.userfile", "fields": {"created": "2011-09-29 11:12:31", "image": 46, "display_url": "http://guideslybetauserfiles.s3.amazonaws.com/userimagecache/userfiles/1pwhite_28_display_image.png", "medium_url": "http://guideslybetauserfiles.s3.amazonaws.com/userimagecache/userfiles/1pwhite_28_medium_image.png", "file": "userfiles/1pwhite_28.png", "owner": 1, "thumb_url": "http://guideslybetauserfiles.s3.amazonaws.com/userimagecache/userfiles/1pwhite_28_thumbnail_image.png", "type": "image", "slug": "1pwhite.png"}}, {"pk": 55, "model": "fileupload.userfile", "fields": {"created": "2011-09-29 11:09:35", "image": 45, "display_url": "http://guideslybetauserfiles.s3.amazonaws.com/userimagecache/userfiles/1pwhite_27_display_image.png", "medium_url": "http://guideslybetauserfiles.s3.amazonaws.com/userimagecache/userfiles/1pwhite_27_medium_image.png", "file": "userfiles/1pwhite_27.png", "owner": 1, "thumb_url": "http://guideslybetauserfiles.s3.amazonaws.com/userimagecache/userfiles/1pwhite_27_thumbnail_image.png", "type": "image", "slug": "1pwhite.png"}}, {"pk": 54, "model": "fileupload.userfile", "fields": {"created": "2011-09-29 11:06:53", "image": 44, "display_url": "http://guideslybetauserfiles.s3.amazonaws.com/userimagecache/userfiles/11blue_15_display_image.png", "medium_url": "http://guideslybetauserfiles.s3.amazonaws.com/userimagecache/userfiles/11blue_15_medium_image.png", "file": "userfiles/11blue_15.png", "owner": 1, "thumb_url": "http://guideslybetauserfiles.s3.amazonaws.com/userimagecache/userfiles/11blue_15_thumbnail_image.png", "type": "image", "slug": "11blue.png"}}, {"pk": 53, "model": "fileupload.userfile", "fields": {"created": "2011-09-29 11:05:04", "image": 43, "display_url": "http://guideslybetauserfiles.s3.amazonaws.com/userimagecache/userfiles/1pwhite_26_display_image.png", "medium_url": "http://guideslybetauserfiles.s3.amazonaws.com/userimagecache/userfiles/1pwhite_26_medium_image.png", "file": "userfiles/1pwhite_26.png", "owner": 1, "thumb_url": "http://guideslybetauserfiles.s3.amazonaws.com/userimagecache/userfiles/1pwhite_26_thumbnail_image.png", "type": "image", "slug": "1pwhite.png"}}, {"pk": 52, "model": "fileupload.userfile", "fields": {"created": "2011-09-29 11:03:08", "image": 42, "display_url": "http://guideslybetauserfiles.s3.amazonaws.com/userimagecache/userfiles/11blue_14_display_image.png", "medium_url": "http://guideslybetauserfiles.s3.amazonaws.com/userimagecache/userfiles/11blue_14_medium_image.png", "file": "userfiles/11blue_14.png", "owner": 1, "thumb_url": "http://guideslybetauserfiles.s3.amazonaws.com/userimagecache/userfiles/11blue_14_thumbnail_image.png", "type": "image", "slug": "11blue.png"}}, {"pk": 51, "model": "fileupload.userfile", "fields": {"created": "2011-09-29 10:59:58", "image": 41, "display_url": "http://guideslybetauserfiles.s3.amazonaws.com/userimagecache/userfiles/cr22_8_display_image.png", "medium_url": "http://guideslybetauserfiles.s3.amazonaws.com/userimagecache/userfiles/cr22_8_medium_image.png", "file": "userfiles/cr22_8.png", "owner": 1, "thumb_url": "http://guideslybetauserfiles.s3.amazonaws.com/userimagecache/userfiles/cr22_8_thumbnail_image.png", "type": "image", "slug": "cr22.png"}}, {"pk": 50, "model": "fileupload.userfile", "fields": {"created": "2011-09-29 10:58:27", "image": 40, "display_url": "http://guideslybetauserfiles.s3.amazonaws.com/userimagecache/userfiles/1pwhite_25_display_image.png", "medium_url": "http://guideslybetauserfiles.s3.amazonaws.com/userimagecache/userfiles/1pwhite_25_medium_image.png", "file": "userfiles/1pwhite_25.png", "owner": 1, "thumb_url": "http://guideslybetauserfiles.s3.amazonaws.com/userimagecache/userfiles/1pwhite_25_thumbnail_image.png", "type": "image", "slug": "1pwhite.png"}}, {"pk": 49, "model": "fileupload.userfile", "fields": {"created": "2011-09-29 10:56:27", "image": null, "display_url": "", "medium_url": "", "file": "userfiles/1hand_19.mov", "owner": 1, "thumb_url": "", "type": "video", "slug": "1hand.mov"}}, {"pk": 48, "model": "fileupload.userfile", "fields": {"created": "2011-09-29 10:54:21", "image": 39, "display_url": "http://guideslybetauserfiles.s3.amazonaws.com/userimagecache/userfiles/lil_17_display_image.png", "medium_url": "http://guideslybetauserfiles.s3.amazonaws.com/userimagecache/userfiles/lil_17_medium_image.png", "file": "userfiles/lil_17.png", "owner": 1, "thumb_url": "http://guideslybetauserfiles.s3.amazonaws.com/userimagecache/userfiles/lil_17_thumbnail_image.png", "type": "image", "slug": "lil.png"}}, {"pk": 47, "model": "fileupload.userfile", "fields": {"created": "2011-09-29 10:54:10", "image": null, "display_url": "", "medium_url": "", "file": "userfiles/markdown_4.txt", "owner": 1, "thumb_url": "", "type": "other", "slug": "markdown.txt"}}, {"pk": 46, "model": "fileupload.userfile", "fields": {"created": "2011-09-29 10:52:47", "image": 38, "display_url": "http://guideslybetauserfiles.s3.amazonaws.com/userimagecache/userfiles/1pwhite_24_display_image.png", "medium_url": "http://guideslybetauserfiles.s3.amazonaws.com/userimagecache/userfiles/1pwhite_24_medium_image.png", "file": "userfiles/1pwhite_24.png", "owner": 1, "thumb_url": "http://guideslybetauserfiles.s3.amazonaws.com/userimagecache/userfiles/1pwhite_24_thumbnail_image.png", "type": "image", "slug": "1pwhite.png"}}, {"pk": 45, "model": "fileupload.userfile", "fields": {"created": "2011-09-29 10:51:21", "image": 37, "display_url": "http://guideslybetauserfiles.s3.amazonaws.com/userimagecache/userfiles/1pwhite_23_display_image.png", "medium_url": "http://guideslybetauserfiles.s3.amazonaws.com/userimagecache/userfiles/1pwhite_23_medium_image.png", "file": "userfiles/1pwhite_23.png", "owner": 1, "thumb_url": "http://guideslybetauserfiles.s3.amazonaws.com/userimagecache/userfiles/1pwhite_23_thumbnail_image.png", "type": "image", "slug": "1pwhite.png"}}, {"pk": 44, "model": "fileupload.userfile", "fields": {"created": "2011-09-29 10:48:52", "image": 36, "display_url": "http://guideslybetauserfiles.s3.amazonaws.com/userimagecache/userfiles/radish2_7_display_image.png", "medium_url": "http://guideslybetauserfiles.s3.amazonaws.com/userimagecache/userfiles/radish2_7_medium_image.png", "file": "userfiles/radish2_7.png", "owner": 1, "thumb_url": "http://guideslybetauserfiles.s3.amazonaws.com/userimagecache/userfiles/radish2_7_thumbnail_image.png", "type": "image", "slug": "radish2.png"}}, {"pk": 43, "model": "fileupload.userfile", "fields": {"created": "2011-09-29 10:48:00", "image": 35, "display_url": "http://guideslybetauserfiles.s3.amazonaws.com/userimagecache/userfiles/radish2_6_display_image.png", "medium_url": "http://guideslybetauserfiles.s3.amazonaws.com/userimagecache/userfiles/radish2_6_medium_image.png", "file": "userfiles/radish2_6.png", "owner": 1, "thumb_url": "http://guideslybetauserfiles.s3.amazonaws.com/userimagecache/userfiles/radish2_6_thumbnail_image.png", "type": "image", "slug": "radish2.png"}}, {"pk": 42, "model": "fileupload.userfile", "fields": {"created": "2011-09-29 10:47:02", "image": 34, "display_url": "http://guideslybetauserfiles.s3.amazonaws.com/userimagecache/userfiles/radish2_5_display_image.png", "medium_url": "http://guideslybetauserfiles.s3.amazonaws.com/userimagecache/userfiles/radish2_5_medium_image.png", "file": "userfiles/radish2_5.png", "owner": 1, "thumb_url": "http://guideslybetauserfiles.s3.amazonaws.com/userimagecache/userfiles/radish2_5_thumbnail_image.png", "type": "image", "slug": "radish2.png"}}, {"pk": 41, "model": "fileupload.userfile", "fields": {"created": "2011-09-29 10:44:45", "image": 33, "display_url": "http://guideslybetauserfiles.s3.amazonaws.com/userimagecache/userfiles/kk_39_display_image.png", "medium_url": "http://guideslybetauserfiles.s3.amazonaws.com/userimagecache/userfiles/kk_39_medium_image.png", "file": "userfiles/kk_39.png", "owner": 1, "thumb_url": "http://guideslybetauserfiles.s3.amazonaws.com/userimagecache/userfiles/kk_39_thumbnail_image.png", "type": "image", "slug": "kk.png"}}, {"pk": 40, "model": "fileupload.userfile", "fields": {"created": "2011-09-29 10:40:19", "image": 32, "display_url": "http://guideslybetauserfiles.s3.amazonaws.com/userimagecache/userfiles/kk_38_display_image.png", "medium_url": "http://guideslybetauserfiles.s3.amazonaws.com/userimagecache/userfiles/kk_38_medium_image.png", "file": "userfiles/kk_38.png", "owner": 1, "thumb_url": "http://guideslybetauserfiles.s3.amazonaws.com/userimagecache/userfiles/kk_38_thumbnail_image.png", "type": "image", "slug": "kk.png"}}, {"pk": 39, "model": "fileupload.userfile", "fields": {"created": "2011-09-29 10:39:56", "image": null, "display_url": "", "medium_url": "", "file": "userfiles/markdown_3.txt", "owner": 1, "thumb_url": "", "type": "other", "slug": "markdown.txt"}}, {"pk": 38, "model": "fileupload.userfile", "fields": {"created": "2011-09-29 10:39:00", "image": 31, "display_url": "http://guideslybetauserfiles.s3.amazonaws.com/userimagecache/userfiles/kk_37_display_image.png", "medium_url": "http://guideslybetauserfiles.s3.amazonaws.com/userimagecache/userfiles/kk_37_medium_image.png", "file": "userfiles/kk_37.png", "owner": 1, "thumb_url": "http://guideslybetauserfiles.s3.amazonaws.com/userimagecache/userfiles/kk_37_thumbnail_image.png", "type": "image", "slug": "kk.png"}}, {"pk": 37, "model": "fileupload.userfile", "fields": {"created": "2011-09-29 10:38:29", "image": 30, "display_url": "http://guideslybetauserfiles.s3.amazonaws.com/userimagecache/userfiles/1pwhite_22_display_image.png", "medium_url": "http://guideslybetauserfiles.s3.amazonaws.com/userimagecache/userfiles/1pwhite_22_medium_image.png", "file": "userfiles/1pwhite_22.png", "owner": 1, "thumb_url": "http://guideslybetauserfiles.s3.amazonaws.com/userimagecache/userfiles/1pwhite_22_thumbnail_image.png", "type": "image", "slug": "1pwhite.png"}}, {"pk": 36, "model": "fileupload.userfile", "fields": {"created": "2011-09-29 10:36:42", "image": 29, "display_url": "http://guideslybetauserfiles.s3.amazonaws.com/userimagecache/userfiles/1pwhite_21_display_image.png", "medium_url": "http://guideslybetauserfiles.s3.amazonaws.com/userimagecache/userfiles/1pwhite_21_medium_image.png", "file": "userfiles/1pwhite_21.png", "owner": 1, "thumb_url": "http://guideslybetauserfiles.s3.amazonaws.com/userimagecache/userfiles/1pwhite_21_thumbnail_image.png", "type": "image", "slug": "1pwhite.png"}}, {"pk": 35, "model": "fileupload.userfile", "fields": {"created": "2011-09-29 10:35:44", "image": 28, "display_url": "http://guideslybetauserfiles.s3.amazonaws.com/userimagecache/userfiles/1pwhite_20_display_image.png", "medium_url": "http://guideslybetauserfiles.s3.amazonaws.com/userimagecache/userfiles/1pwhite_20_medium_image.png", "file": "userfiles/1pwhite_20.png", "owner": 1, "thumb_url": "http://guideslybetauserfiles.s3.amazonaws.com/userimagecache/userfiles/1pwhite_20_thumbnail_image.png", "type": "image", "slug": "1pwhite.png"}}, {"pk": 34, "model": "fileupload.userfile", "fields": {"created": "2011-09-29 10:35:28", "image": 27, "display_url": "http://guideslybetauserfiles.s3.amazonaws.com/userimagecache/userfiles/11blue_13_display_image.png", "medium_url": "http://guideslybetauserfiles.s3.amazonaws.com/userimagecache/userfiles/11blue_13_medium_image.png", "file": "userfiles/11blue_13.png", "owner": 1, "thumb_url": "http://guideslybetauserfiles.s3.amazonaws.com/userimagecache/userfiles/11blue_13_thumbnail_image.png", "type": "image", "slug": "11blue.png"}}, {"pk": 33, "model": "fileupload.userfile", "fields": {"created": "2011-09-29 10:34:25", "image": 26, "display_url": "http://guideslybetauserfiles.s3.amazonaws.com/userimagecache/userfiles/1pwhite_19_display_image.png", "medium_url": "http://guideslybetauserfiles.s3.amazonaws.com/userimagecache/userfiles/1pwhite_19_medium_image.png", "file": "userfiles/1pwhite_19.png", "owner": 1, "thumb_url": "http://guideslybetauserfiles.s3.amazonaws.com/userimagecache/userfiles/1pwhite_19_thumbnail_image.png", "type": "image", "slug": "1pwhite.png"}}, {"pk": 32, "model": "fileupload.userfile", "fields": {"created": "2011-09-29 10:32:33", "image": 25, "display_url": "http://guideslybetauserfiles.s3.amazonaws.com/userimagecache/userfiles/kk_36_display_image.png", "medium_url": "http://guideslybetauserfiles.s3.amazonaws.com/userimagecache/userfiles/kk_36_medium_image.png", "file": "userfiles/kk_36.png", "owner": 1, "thumb_url": "http://guideslybetauserfiles.s3.amazonaws.com/userimagecache/userfiles/kk_36_thumbnail_image.png", "type": "image", "slug": "kk.png"}}, {"pk": 31, "model": "fileupload.userfile", "fields": {"created": "2011-09-29 10:29:53", "image": 24, "display_url": "http://guideslybetauserfiles.s3.amazonaws.com/userimagecache/userfiles/kk_35_display_image.png", "medium_url": "http://guideslybetauserfiles.s3.amazonaws.com/userimagecache/userfiles/kk_35_medium_image.png", "file": "userfiles/kk_35.png", "owner": 1, "thumb_url": "http://guideslybetauserfiles.s3.amazonaws.com/userimagecache/userfiles/kk_35_thumbnail_image.png", "type": "image", "slug": "kk.png"}}, {"pk": 30, "model": "fileupload.userfile", "fields": {"created": "2011-09-29 10:27:20", "image": 23, "display_url": "http://guideslybetauserfiles.s3.amazonaws.com/userimagecache/userfiles/kk_34_display_image.png", "medium_url": "http://guideslybetauserfiles.s3.amazonaws.com/userimagecache/userfiles/kk_34_medium_image.png", "file": "userfiles/kk_34.png", "owner": 1, "thumb_url": "http://guideslybetauserfiles.s3.amazonaws.com/userimagecache/userfiles/kk_34_thumbnail_image.png", "type": "image", "slug": "kk.png"}}, {"pk": 29, "model": "fileupload.userfile", "fields": {"created": "2011-09-29 10:26:18", "image": 22, "display_url": "http://guideslybetauserfiles.s3.amazonaws.com/userimagecache/userfiles/kk_33_display_image.png", "medium_url": "http://guideslybetauserfiles.s3.amazonaws.com/userimagecache/userfiles/kk_33_medium_image.png", "file": "userfiles/kk_33.png", "owner": 1, "thumb_url": "http://guideslybetauserfiles.s3.amazonaws.com/userimagecache/userfiles/kk_33_thumbnail_image.png", "type": "image", "slug": "kk.png"}}, {"pk": 28, "model": "fileupload.userfile", "fields": {"created": "2011-09-29 10:25:56", "image": null, "display_url": "", "medium_url": "", "file": "userfiles/markdown_2.txt", "owner": 1, "thumb_url": "", "type": "other", "slug": "markdown.txt"}}, {"pk": 27, "model": "fileupload.userfile", "fields": {"created": "2011-09-29 10:24:44", "image": null, "display_url": "", "medium_url": "", "file": "userfiles/markdown_1.txt", "owner": 1, "thumb_url": "", "type": "other", "slug": "markdown.txt"}}, {"pk": 26, "model": "fileupload.userfile", "fields": {"created": "2011-09-29 10:21:05", "image": null, "display_url": "", "medium_url": "", "file": "userfiles/markdown.txt", "owner": 1, "thumb_url": "", "type": "other", "slug": "markdown.txt"}}, {"pk": 25, "model": "fileupload.userfile", "fields": {"created": "2011-09-29 10:15:03", "image": 21, "display_url": "http://guideslybetauserfiles.s3.amazonaws.com/userimagecache/userfiles/1pwhite_18_display_image.png", "medium_url": "http://guideslybetauserfiles.s3.amazonaws.com/userimagecache/userfiles/1pwhite_18_medium_image.png", "file": "userfiles/1pwhite_18.png", "owner": 1, "thumb_url": "http://guideslybetauserfiles.s3.amazonaws.com/userimagecache/userfiles/1pwhite_18_thumbnail_image.png", "type": "image", "slug": "1pwhite.png"}}, {"pk": 24, "model": "fileupload.userfile", "fields": {"created": "2011-09-29 10:02:32", "image": null, "display_url": "", "medium_url": "", "file": "userfiles/01_AM_5.mp3", "owner": 1, "thumb_url": "", "type": "audio", "slug": "01 (AM).mp3"}}, {"pk": 23, "model": "fileupload.userfile", "fields": {"created": "2011-09-29 10:01:35", "image": null, "display_url": "", "medium_url": "", "file": "userfiles/1hand_18.mov", "owner": 1, "thumb_url": "", "type": "video", "slug": "1hand.mov"}}, {"pk": 22, "model": "fileupload.userfile", "fields": {"created": "2011-09-29 09:52:42", "image": null, "display_url": "", "medium_url": "", "file": "userfiles/1hand_17.mov", "owner": 1, "thumb_url": "", "type": "video", "slug": "1hand.mov"}}, {"pk": 21, "model": "fileupload.userfile", "fields": {"created": "2011-09-29 09:46:44", "image": null, "display_url": "", "medium_url": "", "file": "userfiles/1hand_16.mov", "owner": 1, "thumb_url": "", "type": "video", "slug": "1hand.mov"}}, {"pk": 20, "model": "fileupload.userfile", "fields": {"created": "2011-09-29 09:41:45", "image": null, "display_url": "", "medium_url": "", "file": "userfiles/1hand_15.mov", "owner": 1, "thumb_url": "", "type": "video", "slug": "1hand.mov"}}, {"pk": 19, "model": "fileupload.userfile", "fields": {"created": "2011-09-29 09:41:28", "image": 20, "display_url": "http://guideslybetauserfiles.s3.amazonaws.com/userimagecache/userfiles/1pwhite_17_display_image.png", "medium_url": "http://guideslybetauserfiles.s3.amazonaws.com/userimagecache/userfiles/1pwhite_17_medium_image.png", "file": "userfiles/1pwhite_17.png", "owner": 1, "thumb_url": "http://guideslybetauserfiles.s3.amazonaws.com/userimagecache/userfiles/1pwhite_17_thumbnail_image.png", "type": "image", "slug": "1pwhite.png"}}, {"pk": 18, "model": "fileupload.userfile", "fields": {"created": "2011-09-29 09:38:58", "image": 19, "display_url": "http://guideslybetauserfiles.s3.amazonaws.com/userimagecache/userfiles/1pwhite_16_display_image.png", "medium_url": "http://guideslybetauserfiles.s3.amazonaws.com/userimagecache/userfiles/1pwhite_16_medium_image.png", "file": "userfiles/1pwhite_16.png", "owner": 1, "thumb_url": "http://guideslybetauserfiles.s3.amazonaws.com/userimagecache/userfiles/1pwhite_16_thumbnail_image.png", "type": "image", "slug": "1pwhite.png"}}, {"pk": 17, "model": "fileupload.userfile", "fields": {"created": "2011-09-28 15:11:24", "image": 18, "display_url": "http://guideslybetauserfiles.s3.amazonaws.com/userimagecache/userfiles/11blue_12_display_image.png", "medium_url": "http://guideslybetauserfiles.s3.amazonaws.com/userimagecache/userfiles/11blue_12_medium_image.png", "file": "userfiles/11blue_12.png", "owner": 1, "thumb_url": "http://guideslybetauserfiles.s3.amazonaws.com/userimagecache/userfiles/11blue_12_thumbnail_image.png", "type": "image", "slug": "11blue.png"}}, {"pk": 16, "model": "fileupload.userfile", "fields": {"created": "2011-09-27 16:46:05", "image": 17, "display_url": "http://guideslybetauserfiles.s3.amazonaws.com/userimagecache/userfiles/Screen_shot_2011-03-27_at_9.40_display_image.png", "medium_url": "http://guideslybetauserfiles.s3.amazonaws.com/userimagecache/userfiles/Screen_shot_2011-03-27_at_9.40_medium_image.png", "file": "userfiles/Screen_shot_2011-03-27_at_9.40.png", "owner": 1, "thumb_url": "http://guideslybetauserfiles.s3.amazonaws.com/userimagecache/userfiles/Screen_shot_2011-03-27_at_9.40_thumbnail_image.png", "type": "image", "slug": "Screen_shot_2011-03-27_at_9.40.png"}}, {"pk": 15, "model": "fileupload.userfile", "fields": {"created": "2011-09-27 15:53:04", "image": 16, "display_url": "http://guideslybetauserfiles.s3.amazonaws.com/userimagecache/userfiles/1pwhite_15_display_image.png", "medium_url": "http://guideslybetauserfiles.s3.amazonaws.com/userimagecache/userfiles/1pwhite_15_medium_image.png", "file": "userfiles/1pwhite_15.png", "owner": 1, "thumb_url": "http://guideslybetauserfiles.s3.amazonaws.com/userimagecache/userfiles/1pwhite_15_thumbnail_image.png", "type": "image", "slug": "1pwhite.png"}}, {"pk": 14, "model": "fileupload.userfile", "fields": {"created": "2011-09-24 16:08:04", "image": 15, "display_url": "http://guideslybetauserfiles.s3.amazonaws.com/userimagecache/userfiles/kk_32_display_image.png", "medium_url": "http://guideslybetauserfiles.s3.amazonaws.com/userimagecache/userfiles/kk_32_medium_image.png", "file": "userfiles/kk_32.png", "owner": 1, "thumb_url": "http://guideslybetauserfiles.s3.amazonaws.com/userimagecache/userfiles/kk_32_thumbnail_image.png", "type": "image", "slug": "kk.png"}}, {"pk": 13, "model": "fileupload.userfile", "fields": {"created": "2011-09-24 15:59:24", "image": 14, "display_url": "http://guideslybetauserfiles.s3.amazonaws.com/userimagecache/userfiles/radish2_4_display_image.png", "medium_url": "http://guideslybetauserfiles.s3.amazonaws.com/userimagecache/userfiles/radish2_4_medium_image.png", "file": "userfiles/radish2_4.png", "owner": 1, "thumb_url": "http://guideslybetauserfiles.s3.amazonaws.com/userimagecache/userfiles/radish2_4_thumbnail_image.png", "type": "image", "slug": "radish2.png"}}, {"pk": 12, "model": "fileupload.userfile", "fields": {"created": "2011-09-24 15:58:17", "image": 13, "display_url": "http://guideslybetauserfiles.s3.amazonaws.com/userimagecache/userfiles/1pwhite_14_display_image.png", "medium_url": "http://guideslybetauserfiles.s3.amazonaws.com/userimagecache/userfiles/1pwhite_14_medium_image.png", "file": "userfiles/1pwhite_14.png", "owner": 1, "thumb_url": "http://guideslybetauserfiles.s3.amazonaws.com/userimagecache/userfiles/1pwhite_14_thumbnail_image.png", "type": "image", "slug": "1pwhite.png"}}, {"pk": 11, "model": "fileupload.userfile", "fields": {"created": "2011-09-24 13:42:44", "image": 12, "display_url": "http://guideslybetauserfiles.s3.amazonaws.com/userimagecache/userfiles/1pwhite_13_display_image.png", "medium_url": "http://guideslybetauserfiles.s3.amazonaws.com/userimagecache/userfiles/1pwhite_13_medium_image.png", "file": "userfiles/1pwhite_13.png", "owner": 1, "thumb_url": "http://guideslybetauserfiles.s3.amazonaws.com/userimagecache/userfiles/1pwhite_13_thumbnail_image.png", "type": "image", "slug": "1pwhite.png"}}, {"pk": 10, "model": "fileupload.userfile", "fields": {"created": "2011-09-24 01:07:23", "image": 11, "display_url": "http://guideslybetauserfiles.s3.amazonaws.com/userimagecache/userfiles/spiderspider_13_display_image.png", "medium_url": "http://guideslybetauserfiles.s3.amazonaws.com/userimagecache/userfiles/spiderspider_13_medium_image.png", "file": "userfiles/spiderspider_13.png", "owner": 1, "thumb_url": "http://guideslybetauserfiles.s3.amazonaws.com/userimagecache/userfiles/spiderspider_13_thumbnail_image.png", "type": "image", "slug": "spiderspider.png"}}, {"pk": 9, "model": "fileupload.userfile", "fields": {"created": "2011-09-24 00:42:10", "image": 10, "display_url": "http://guideslybetauserfiles.s3.amazonaws.com/userimagecache/userfiles/radish2_3_display_image.png", "medium_url": "http://guideslybetauserfiles.s3.amazonaws.com/userimagecache/userfiles/radish2_3_medium_image.png", "file": "userfiles/radish2_3.png", "owner": 1, "thumb_url": "http://guideslybetauserfiles.s3.amazonaws.com/userimagecache/userfiles/radish2_3_thumbnail_image.png", "type": "image", "slug": "radish2.png"}}, {"pk": 8, "model": "fileupload.userfile", "fields": {"created": "2011-09-23 14:34:04", "image": 9, "display_url": "http://guideslybetauserfiles.s3.amazonaws.com/userimagecache/userfiles/spiderspider_12_display_image.png", "medium_url": "http://guideslybetauserfiles.s3.amazonaws.com/userimagecache/userfiles/spiderspider_12_medium_image.png", "file": "userfiles/spiderspider_12.png", "owner": 1, "thumb_url": "http://guideslybetauserfiles.s3.amazonaws.com/userimagecache/userfiles/spiderspider_12_thumbnail_image.png", "type": "image", "slug": "spiderspider.png"}}, {"pk": 7, "model": "fileupload.userfile", "fields": {"created": "2011-09-23 14:03:57", "image": 7, "display_url": "http://guideslybetauserfiles.s3.amazonaws.com/userimagecache/userfiles/a_72_display_image.png", "medium_url": "http://guideslybetauserfiles.s3.amazonaws.com/userimagecache/userfiles/a_72_medium_image.png", "file": "userfiles/a_72.png", "owner": 1, "thumb_url": "http://guideslybetauserfiles.s3.amazonaws.com/userimagecache/userfiles/a_72_thumbnail_image.png", "type": "image", "slug": "a.png"}}, {"pk": 6, "model": "fileupload.userfile", "fields": {"created": "2011-09-23 14:03:41", "image": 6, "display_url": "http://guideslybetauserfiles.s3.amazonaws.com/userimagecache/userfiles/1pwhite_12_display_image.png", "medium_url": "http://guideslybetauserfiles.s3.amazonaws.com/userimagecache/userfiles/1pwhite_12_medium_image.png", "file": "userfiles/1pwhite_12.png", "owner": 1, "thumb_url": "http://guideslybetauserfiles.s3.amazonaws.com/userimagecache/userfiles/1pwhite_12_thumbnail_image.png", "type": "image", "slug": "1pwhite.png"}}, {"pk": 5, "model": "fileupload.userfile", "fields": {"created": "2011-09-23 13:58:08", "image": null, "display_url": "", "medium_url": "/media/img/video-icon.png", "file": "userfiles/1hand_14.mov", "owner": 1, "thumb_url": "", "type": "video", "slug": "1hand.mov"}}, {"pk": 4, "model": "fileupload.userfile", "fields": {"created": "2011-09-23 13:51:57", "image": 5, "display_url": "http://guideslybetauserfiles.s3.amazonaws.com/userimagecache/userfiles/11blue_11_display_image.png", "medium_url": "http://guideslybetauserfiles.s3.amazonaws.com/userimagecache/userfiles/11blue_11_medium_image.png", "file": "userfiles/11blue_11.png", "owner": 1, "thumb_url": "http://guideslybetauserfiles.s3.amazonaws.com/userimagecache/userfiles/11blue_11_thumbnail_image.png", "type": "image", "slug": "11blue.png"}}, {"pk": 3, "model": "fileupload.userfile", "fields": {"created": "2011-09-23 13:51:53", "image": 4, "display_url": "http://guideslybetauserfiles.s3.amazonaws.com/userimagecache/userfiles/1pwhite_11_display_image.png", "medium_url": "http://guideslybetauserfiles.s3.amazonaws.com/userimagecache/userfiles/1pwhite_11_medium_image.png", "file": "userfiles/1pwhite_11.png", "owner": 1, "thumb_url": "http://guideslybetauserfiles.s3.amazonaws.com/userimagecache/userfiles/1pwhite_11_thumbnail_image.png", "type": "image", "slug": "1pwhite.png"}}, {"pk": 2, "model": "fileupload.userfile", "fields": {"created": "2011-09-23 13:47:00", "image": 3, "display_url": "http://guideslybetauserfiles.s3.amazonaws.com/userimagecache/userfiles/11blue_10_display_image.png", "medium_url": "http://guideslybetauserfiles.s3.amazonaws.com/userimagecache/userfiles/11blue_10_medium_image.png", "file": "userfiles/11blue_10.png", "owner": 1, "thumb_url": "http://guideslybetauserfiles.s3.amazonaws.com/userimagecache/userfiles/11blue_10_thumbnail_image.png", "type": "image", "slug": "11blue.png"}}, {"pk": 1, "model": "fileupload.userfile", "fields": {"created": "2011-09-23 13:46:56", "image": 2, "display_url": "http://guideslybetauserfiles.s3.amazonaws.com/userimagecache/userfiles/1pwhite_10_display_image.png", "medium_url": "http://guideslybetauserfiles.s3.amazonaws.com/userimagecache/userfiles/1pwhite_10_medium_image.png", "file": "userfiles/1pwhite_10.png", "owner": 1, "thumb_url": "http://guideslybetauserfiles.s3.amazonaws.com/userimagecache/userfiles/1pwhite_10_thumbnail_image.png", "type": "image", "slug": "1pwhite.png"}}, {"pk": 21, "model": "guides.guide", "fields": {"card_order": [42, 43], "private": false, "owner": 1, "is_linear": true, "submit_to_cat": true, "thumb": 75, "title": "Easy Bread", "floating_list": [], "accepted_to_cat": false, "private_url": null, "theme": null, "enable_comments": false, "description": "", "tags": "", "text_slugs_for_cards": true, "show_toc": false, "first_card": 42, "slug": "easy-bread", "created": "2011-09-29 17:31:42", "modified": "2011-09-29 17:38:08", "published": true, "cards": [42, 43]}}, {"pk": 20, "model": "guides.guide", "fields": {"card_order": [38, 39, 40, 41], "private": false, "owner": 1, "is_linear": true, "submit_to_cat": true, "thumb": null, "title": "Cookies", "floating_list": [], "accepted_to_cat": false, "private_url": null, "theme": null, "enable_comments": false, "description": "", "tags": "", "text_slugs_for_cards": true, "show_toc": false, "first_card": 38, "slug": "cookies", "created": "2011-09-29 11:38:33", "modified": "2011-09-29 16:29:19", "published": false, "cards": [38, 39, 40, 41]}}, {"pk": 19, "model": "guides.guide", "fields": {"card_order": [26, 27, 28, 29, 30, 31, 32, 33, 34, 35, 36, 37], "private": false, "owner": 1, "is_linear": true, "submit_to_cat": true, "thumb": 17, "title": "Carbonara", "floating_list": [], "accepted_to_cat": false, "private_url": null, "theme": null, "enable_comments": false, "description": "", "tags": "", "text_slugs_for_cards": true, "show_toc": false, "first_card": 26, "slug": "carbonara", "created": "2011-09-28 14:35:17", "modified": "2011-09-29 11:33:31", "published": false, "cards": [26, 27, 28, 29, 30, 31, 32, 33, 34, 35, 36, 37]}}, {"pk": 18, "model": "guides.guide", "fields": {"card_order": [24, 44, 45, 46, 47, 48], "private": true, "owner": 1, "is_linear": true, "submit_to_cat": false, "thumb": 16, "title": "Hack a Kinect", "floating_list": [25], "accepted_to_cat": false, "private_url": "a509288f312a6476b7fc594b0531055f7279331b", "theme": null, "enable_comments": false, "description": "", "tags": "diy, diy, ", "text_slugs_for_cards": true, "show_toc": false, "first_card": 24, "slug": "hack-a-kinect", "created": "2011-09-27 16:45:13", "modified": "2011-09-30 15:48:22", "published": true, "cards": [24, 44, 45, 46, 47, 48, 25]}}, {"pk": 17, "model": "guides.guide", "fields": {"card_order": [22, 23], "private": false, "owner": 1, "is_linear": true, "submit_to_cat": true, "thumb": 15, "title": "This shit is free", "floating_list": [], "accepted_to_cat": false, "private_url": null, "theme": null, "enable_comments": false, "description": "", "tags": "diy, diy, stupid, ", "text_slugs_for_cards": true, "show_toc": false, "first_card": 22, "slug": "this-shit-is-free", "created": "2011-09-27 14:14:08", "modified": "2011-09-27 16:35:32", "published": true, "cards": [22, 23]}}, {"pk": 16, "model": "guides.guide", "fields": {"card_order": [21], "private": false, "owner": 1, "is_linear": true, "submit_to_cat": true, "thumb": null, "title": "Shitboxest", "floating_list": [], "accepted_to_cat": false, "private_url": null, "theme": null, "enable_comments": false, "description": "", "tags": "stupid, cooking,  diy", "text_slugs_for_cards": true, "show_toc": false, "first_card": 21, "slug": "shitboxes", "created": "2011-09-26 00:34:07", "modified": "2011-09-27 16:20:17", "published": true, "cards": [21]}}, {"pk": 15, "model": "guides.guide", "fields": {"card_order": [], "private": false, "owner": null, "is_linear": true, "submit_to_cat": true, "thumb": null, "title": "Shitbox", "floating_list": [], "accepted_to_cat": false, "private_url": null, "theme": null, "enable_comments": false, "description": "", "tags": "", "text_slugs_for_cards": true, "show_toc": false, "first_card": null, "slug": "shitbox", "created": "2011-09-26 00:32:42", "modified": "2011-09-26 00:32:42", "published": false, "cards": []}}, {"pk": 14, "model": "guides.guide", "fields": {"card_order": [20], "private": false, "owner": null, "is_linear": true, "submit_to_cat": true, "thumb": null, "title": "EEe", "floating_list": [], "accepted_to_cat": false, "private_url": null, "theme": null, "enable_comments": false, "description": "", "tags": "", "text_slugs_for_cards": true, "show_toc": false, "first_card": 20, "slug": "eee", "created": "2011-09-26 00:30:43", "modified": "2011-09-26 00:30:43", "published": false, "cards": [20]}}, {"pk": 13, "model": "guides.guide", "fields": {"card_order": [], "private": false, "owner": null, "is_linear": true, "submit_to_cat": true, "thumb": null, "title": "Dogs", "floating_list": [], "accepted_to_cat": false, "private_url": null, "theme": null, "enable_comments": false, "description": "", "tags": "", "text_slugs_for_cards": true, "show_toc": false, "first_card": null, "slug": "dogs", "created": "2011-09-26 00:30:24", "modified": "2011-09-26 00:30:24", "published": false, "cards": []}}, {"pk": 12, "model": "guides.guide", "fields": {"card_order": [19], "private": false, "owner": null, "is_linear": true, "submit_to_cat": true, "thumb": null, "title": "Drink Less Water", "floating_list": [], "accepted_to_cat": false, "private_url": null, "theme": null, "enable_comments": false, "description": "", "tags": "", "text_slugs_for_cards": true, "show_toc": false, "first_card": 19, "slug": "drink-less-water", "created": "2011-09-26 00:22:26", "modified": "2011-09-26 00:23:01", "published": false, "cards": [19]}}, {"pk": 11, "model": "guides.guide", "fields": {"card_order": [], "private": false, "owner": null, "is_linear": true, "submit_to_cat": true, "thumb": null, "title": "232323", "floating_list": [], "accepted_to_cat": false, "private_url": null, "theme": null, "enable_comments": false, "description": "", "tags": "", "text_slugs_for_cards": true, "show_toc": false, "first_card": null, "slug": "232323", "created": "2011-09-26 00:21:09", "modified": "2011-09-26 00:21:09", "published": false, "cards": []}}, {"pk": 10, "model": "guides.guide", "fields": {"card_order": [], "private": false, "owner": null, "is_linear": true, "submit_to_cat": true, "thumb": null, "title": "M<y adsfjpo3pkapsd", "floating_list": [], "accepted_to_cat": false, "private_url": null, "theme": null, "enable_comments": false, "description": "", "tags": "", "text_slugs_for_cards": true, "show_toc": false, "first_card": null, "slug": "my-adsfjpo3pkapsd", "created": "2011-09-26 00:17:10", "modified": "2011-09-26 00:17:10", "published": false, "cards": []}}, {"pk": 9, "model": "guides.guide", "fields": {"card_order": [18], "private": false, "owner": 1, "is_linear": true, "submit_to_cat": true, "thumb": null, "title": "Poooooooooooof", "floating_list": [], "accepted_to_cat": false, "private_url": "", "theme": null, "enable_comments": false, "description": "", "tags": "stupid, ", "text_slugs_for_cards": true, "show_toc": false, "first_card": 18, "slug": "poooooooooooof", "created": "2011-09-26 00:14:15", "modified": "2011-09-27 16:20:30", "published": true, "cards": [18]}}, {"pk": 8, "model": "guides.guide", "fields": {"card_order": [], "private": false, "owner": null, "is_linear": true, "submit_to_cat": true, "thumb": null, "title": "My totally sweet guide", "floating_list": [], "accepted_to_cat": false, "private_url": null, "theme": null, "enable_comments": false, "description": "", "tags": "", "text_slugs_for_cards": true, "show_toc": false, "first_card": null, "slug": "my-totally-sweet-guide-2", "created": "2011-09-26 00:12:27", "modified": "2011-09-26 00:12:27", "published": false, "cards": []}}, {"pk": 7, "model": "guides.guide", "fields": {"card_order": [], "private": false, "owner": null, "is_linear": true, "submit_to_cat": true, "thumb": null, "title": "My TOTALLY sweet guide", "floating_list": [], "accepted_to_cat": false, "private_url": null, "theme": null, "enable_comments": false, "description": "", "tags": "", "text_slugs_for_cards": true, "show_toc": false, "first_card": null, "slug": "my-totally-sweet-guide", "created": "2011-09-26 00:09:48", "modified": "2011-09-26 00:09:48", "published": false, "cards": []}}, {"pk": 6, "model": "guides.guide", "fields": {"card_order": [14, 15], "private": false, "owner": 1, "is_linear": false, "submit_to_cat": true, "thumb": 14, "title": "Le new awesome guidee", "floating_list": [16, 17], "accepted_to_cat": false, "private_url": "", "theme": null, "enable_comments": false, "description": "", "tags": "cooking, ", "text_slugs_for_cards": false, "show_toc": false, "first_card": 16, "slug": "le-new-awesome-guide", "created": "2011-09-24 13:28:32", "modified": "2011-09-24 16:31:45", "published": true, "cards": [17]}}, {"pk": 5, "model": "guides.guide", "fields": {"card_order": [13], "private": false, "owner": 1, "is_linear": true, "submit_to_cat": true, "thumb": 10, "title": "Such a long ass guide title Jesus this is now even longer holy crap.", "floating_list": [], "accepted_to_cat": false, "private_url": "", "theme": null, "enable_comments": false, "description": "This is the description for the long ass title. Yo!", "tags": "spiders", "text_slugs_for_cards": false, "show_toc": false, "first_card": 13, "slug": "such-a-long-ass-guide-title-jesus-this", "created": "2011-09-24 01:06:43", "modified": "2011-09-26 00:07:25", "published": true, "cards": [13]}}, {"pk": 4, "model": "guides.guide", "fields": {"card_order": [12], "private": false, "owner": 1, "is_linear": true, "submit_to_cat": true, "thumb": 13, "title": "New new new", "floating_list": [], "accepted_to_cat": false, "private_url": "", "theme": null, "enable_comments": false, "description": "", "tags": "radishes cooking, coal, ", "text_slugs_for_cards": false, "show_toc": false, "first_card": 12, "slug": "new-new-new", "created": "2011-09-24 00:57:00", "modified": "2011-09-24 16:30:46", "published": true, "cards": [12]}}, {"pk": 3, "model": "guides.guide", "fields": {"card_order": [11, 10, 9], "private": false, "owner": 1, "is_linear": true, "submit_to_cat": false, "thumb": 3, "title": "Testy is pub", "floating_list": [], "accepted_to_cat": false, "private_url": "", "theme": null, "enable_comments": true, "description": "", "tags": "", "text_slugs_for_cards": false, "show_toc": false, "first_card": 11, "slug": "testy", "created": "2011-09-23 13:46:33", "modified": "2011-09-24 00:36:14", "published": true, "cards": [11, 10, 9]}}, {"pk": 2, "model": "guides.guide", "fields": {"card_order": [6, 7, 8], "private": false, "owner": 1, "is_linear": false, "submit_to_cat": false, "thumb": null, "title": "Gla34/3/poaa9 904", "floating_list": [], "accepted_to_cat": false, "private_url": "", "theme": null, "enable_comments": false, "description": "", "tags": "", "text_slugs_for_cards": false, "show_toc": false, "first_card": null, "slug": "gla343poaa9-904", "created": "2011-09-23 11:36:55", "modified": "2011-09-24 14:21:37", "published": false, "cards": []}}, {"pk": 1, "model": "guides.guide", "fields": {"card_order": [1, 2, 5], "private": false, "owner": 1, "is_linear": true, "submit_to_cat": true, "thumb": 12, "title": "Totes new title", "floating_list": [3, 4], "accepted_to_cat": false, "private_url": "ff3ddd143bd604ba87423b9331eadc08a811c0b0", "theme": null, "enable_comments": false, "description": "My description", "tags": "cooking", "text_slugs_for_cards": false, "show_toc": false, "first_card": 1, "slug": "test-guide", "created": "2011-09-22 11:08:13", "modified": "2011-09-24 15:58:33", "published": true, "cards": [1, 2, 5, 3, 4]}}, {"pk": 1, "model": "guides.card", "fields": {"show_prev": true, "created": "2011-09-22 11:08:13", "text": "", "title": "", "show_next": true, "modified": "2011-09-24 15:58:33", "slug": "card-1", "theme": null, "card_number": 1, "primary_is_bg": false, "give_images_shadows": false, "is_floating_card": false, "has_lots_of_text": false, "owner": 1, "primary_media": 10, "guide": 1, "tags": "", "autoplay": false}}, {"pk": 6, "model": "guides.card", "fields": {"show_prev": true, "created": "2011-09-23 11:36:55", "text": "", "title": "Cool card yo.", "show_next": true, "modified": "2011-09-24 00:42:41", "slug": "cool-card-yo", "theme": null, "card_number": 1, "primary_is_bg": false, "give_images_shadows": false, "is_floating_card": false, "has_lots_of_text": false, "owner": 1, "primary_media": null, "guide": 2, "tags": "", "autoplay": false}}, {"pk": 11, "model": "guides.card", "fields": {"show_prev": true, "created": "2011-09-23 14:14:11", "text": "", "title": "Le new card.", "show_next": true, "modified": "2011-09-24 00:36:14", "slug": "le-new-card", "theme": null, "card_number": 1, "primary_is_bg": false, "give_images_shadows": false, "is_floating_card": false, "has_lots_of_text": false, "owner": 1, "primary_media": 6, "guide": 3, "tags": "", "autoplay": false}}, {"pk": 12, "model": "guides.card", "fields": {"show_prev": true, "created": "2011-09-24 00:57:00", "text": "", "title": "", "show_next": true, "modified": "2011-09-24 16:30:46", "slug": "card-1", "theme": null, "card_number": 1, "primary_is_bg": false, "give_images_shadows": false, "is_floating_card": false, "has_lots_of_text": false, "owner": 1, "primary_media": 11, "guide": 4, "tags": "", "autoplay": false}}, {"pk": 13, "model": "guides.card", "fields": {"show_prev": true, "created": "2011-09-24 01:06:43", "text": "", "title": "Walk around a lot", "show_next": true, "modified": "2011-09-26 00:07:25", "slug": "walk-around-a-lot", "theme": null, "card_number": 1, "primary_is_bg": false, "give_images_shadows": false, "is_floating_card": false, "has_lots_of_text": false, "owner": 1, "primary_media": 8, "guide": 5, "tags": "", "autoplay": false}}, {"pk": 14, "model": "guides.card", "fields": {"show_prev": true, "created": "2011-09-24 13:28:32", "text": "Lorem ipsum dolor sit amet, consectetur adipisicing elit, sed do eiusmod tempor incididunt ut labore et dolore magna aliqua. Ut enim ad minim veniam, quis nostrud exercitation ullamco laboris nisi ut aliquip ex ea commodo consequat. Duis aute irure dolor in reprehenderit in voluptate velit esse cillum dolore eu fugiat nulla pariatur. Excepteur sint occaecat cupidatat non proident, sunt in culpa qui officia deserunt mollit anim id est laborum.", "title": "Here is my title", "show_next": true, "modified": "2011-09-24 14:09:54", "slug": "here-is-my-title", "theme": null, "card_number": 1, "primary_is_bg": false, "give_images_shadows": false, "is_floating_card": false, "has_lots_of_text": false, "owner": 1, "primary_media": null, "guide": 6, "tags": "", "autoplay": false}}, {"pk": 18, "model": "guides.card", "fields": {"show_prev": true, "created": "2011-09-26 00:16:26", "text": "", "title": "r", "show_next": true, "modified": "2011-09-27 16:20:30", "slug": "r", "theme": null, "card_number": 1, "primary_is_bg": false, "give_images_shadows": false, "is_floating_card": false, "has_lots_of_text": false, "owner": 1, "primary_media": null, "guide": 9, "tags": "", "autoplay": false}}, {"pk": 19, "model": "guides.card", "fields": {"show_prev": true, "created": "2011-09-26 00:22:26", "text": "", "title": "", "show_next": true, "modified": "2011-09-26 00:23:01", "slug": "card-1", "theme": null, "card_number": 1, "primary_is_bg": false, "give_images_shadows": false, "is_floating_card": false, "has_lots_of_text": false, "owner": null, "primary_media": null, "guide": 12, "tags": "", "autoplay": false}}, {"pk": 20, "model": "guides.card", "fields": {"show_prev": true, "created": "2011-09-26 00:30:43", "text": null, "title": "", "show_next": true, "modified": "2011-09-26 00:30:43", "slug": "card-0", "theme": null, "card_number": 1, "primary_is_bg": false, "give_images_shadows": false, "is_floating_card": false, "has_lots_of_text": false, "owner": null, "primary_media": null, "guide": 14, "tags": "", "autoplay": false}}, {"pk": 21, "model": "guides.card", "fields": {"show_prev": true, "created": "2011-09-26 00:34:07", "text": null, "title": "", "show_next": true, "modified": "2011-09-27 16:20:17", "slug": "card-0", "theme": null, "card_number": 1, "primary_is_bg": false, "give_images_shadows": false, "is_floating_card": false, "has_lots_of_text": false, "owner": 1, "primary_media": null, "guide": 16, "tags": "", "autoplay": false}}, {"pk": 22, "model": "guides.card", "fields": {"show_prev": true, "created": "2011-09-27 14:14:08", "text": "Hellllllllo\n----------===\nadfa[pdfka\ndsfa\nsd\n\nddd\n\n\n", "title": "Le title", "show_next": true, "modified": "2011-09-27 16:35:32", "slug": "le-title", "theme": null, "card_number": 1, "primary_is_bg": false, "give_images_shadows": false, "is_floating_card": false, "has_lots_of_text": false, "owner": 1, "primary_media": 13, "guide": 17, "tags": "", "autoplay": false}}, {"pk": 24, "model": "guides.card", "fields": {"show_prev": true, "created": "2011-09-27 16:45:13", "text": "", "title": "", "show_next": true, "modified": "2011-09-30 15:48:22", "slug": "card-1", "theme": null, "card_number": 1, "primary_is_bg": true, "give_images_shadows": false, "is_floating_card": false, "has_lots_of_text": false, "owner": 1, "primary_media": 14, "guide": 18, "tags": "", "autoplay": false}}, {"pk": 26, "model": "guides.card", "fields": {"show_prev": true, "created": "2011-09-28 14:35:17", "text": "", "title": "", "show_next": true, "modified": "2011-09-29 11:33:30", "slug": "card-1", "theme": null, "card_number": 1, "primary_is_bg": true, "give_images_shadows": false, "is_floating_card": false, "has_lots_of_text": false, "owner": 1, "primary_media": 15, "guide": 19, "tags": "", "autoplay": false}}, {"pk": 38, "model": "guides.card", "fields": {"show_prev": true, "created": "2011-09-29 11:38:33", "text": "", "title": "My cleverest Title", "show_next": true, "modified": "2011-09-29 16:29:19", "slug": "my-cleverest-title", "theme": null, "card_number": 1, "primary_is_bg": false, "give_images_shadows": false, "is_floating_card": false, "has_lots_of_text": false, "owner": 1, "primary_media": 45, "guide": 20, "tags": "", "autoplay": false}}, {"pk": 42, "model": "guides.card", "fields": {"show_prev": true, "created": "2011-09-29 17:31:42", "text": "So goo!", "title": "Margaret's Bread", "show_next": true, "modified": "2011-09-29 17:38:08", "slug": "margarets-bread", "theme": null, "card_number": 1, "primary_is_bg": false, "give_images_shadows": false, "is_floating_card": false, "has_lots_of_text": false, "owner": 1, "primary_media": null, "guide": 21, "tags": "", "autoplay": false}}, {"pk": 2, "model": "guides.card", "fields": {"show_prev": true, "created": "2011-09-22 11:08:16", "text": "", "title": "Le dos", "show_next": true, "modified": "2011-09-24 15:58:33", "slug": "le-dos", "theme": null, "card_number": 2, "primary_is_bg": false, "give_images_shadows": false, "is_floating_card": false, "has_lots_of_text": false, "owner": 1, "primary_media": null, "guide": 1, "tags": "", "autoplay": false}}, {"pk": 7, "model": "guides.card", "fields": {"show_prev": true, "created": "2011-09-23 11:37:06", "text": "fLorem ipsum dolor sit amet, consectetur adipisicing elit, sed do eiusmod tempor incididunt ut labore et dolore magna aliqua. Ut enim ad minim veniam, quis nostrud exercitation ullamco laboris nisi ut aliquip ex ea commodo consequat. Duis aute irure dolor in reprehenderit in voluptate velit esse cillum dolore eu fugiat nulla pariatur. Excepteur sint occaecat cupidatat non proident, sunt in culpa qui officia deserunt mollit anim id est laborum.", "title": "COOLEST", "show_next": true, "modified": "2011-09-24 00:42:41", "slug": "coolest", "theme": null, "card_number": 2, "primary_is_bg": false, "give_images_shadows": false, "is_floating_card": false, "has_lots_of_text": false, "owner": 1, "primary_media": 7, "guide": 2, "tags": "", "autoplay": false}}, {"pk": 10, "model": "guides.card", "fields": {"show_prev": true, "created": "2011-09-23 14:03:32", "text": "f", "title": "", "show_next": true, "modified": "2011-09-24 00:36:14", "slug": "card-2", "theme": null, "card_number": 2, "primary_is_bg": false, "give_images_shadows": false, "is_floating_card": false, "has_lots_of_text": false, "owner": 1, "primary_media": 5, "guide": 3, "tags": "", "autoplay": false}}, {"pk": 15, "model": "guides.card", "fields": {"show_prev": true, "created": "2011-09-24 13:42:23", "text": "Lorem ipsum\n------------\n dolor sit amet, consectetur adipisicing elit, sed do eiusmod tempor incididunt ut labore et dolore magna aliqua. Ut enim ad minim veniam, quis nostrud exercitation ullamco laboris nisi ut aliquip ex ea commodo consequat. Duis aute irure dolor in reprehenderit in voluptate velit esse cillum dolore eu fugiat nulla pariatur. Excepteur sint occaecat cupidatat non proident, sunt in culpa qui officia deserunt mollit anim id est laborum.", "title": "Another card ", "show_next": true, "modified": "2011-09-24 14:09:54", "slug": "another-card", "theme": null, "card_number": 2, "primary_is_bg": false, "give_images_shadows": false, "is_floating_card": false, "has_lots_of_text": false, "owner": 1, "primary_media": 9, "guide": 6, "tags": "", "autoplay": false}}, {"pk": 23, "model": "guides.card", "fields": {"show_prev": true, "created": "2011-09-27 15:10:43", "text": null, "title": "", "show_next": true, "modified": "2011-09-27 16:35:32", "slug": "card-1-2", "theme": null, "card_number": 2, "primary_is_bg": false, "give_images_shadows": false, "is_floating_card": false, "has_lots_of_text": false, "owner": 1, "primary_media": null, "guide": 17, "tags": "", "autoplay": false}}, {"pk": 27, "model": "guides.card", "fields": {"show_prev": true, "created": "2011-09-29 09:52:06", "text": "", "title": "", "show_next": true, "modified": "2011-09-29 11:33:30", "slug": "card-2", "theme": null, "card_number": 2, "primary_is_bg": false, "give_images_shadows": false, "is_floating_card": false, "has_lots_of_text": false, "owner": 1, "primary_media": 21, "guide": 19, "tags": "", "autoplay": false}}, {"pk": 39, "model": "guides.card", "fields": {"show_prev": true, "created": "2011-09-29 14:56:15", "text": null, "title": "NEW CARD!", "show_next": true, "modified": "2011-09-29 16:29:19", "slug": "new-card", "theme": null, "card_number": 2, "primary_is_bg": false, "give_images_shadows": false, "is_floating_card": false, "has_lots_of_text": false, "owner": 1, "primary_media": null, "guide": 20, "tags": "", "autoplay": false}}, {"pk": 43, "model": "guides.card", "fields": {"show_prev": true, "created": "2011-09-29 17:32:55", "text": "", "title": "", "show_next": true, "modified": "2011-09-29 17:44:42", "slug": "card-2", "theme": null, "card_number": 2, "primary_is_bg": false, "give_images_shadows": false, "is_floating_card": false, "has_lots_of_text": false, "owner": 1, "primary_media": 46, "guide": 21, "tags": "", "autoplay": false}}, {"pk": 44, "model": "guides.card", "fields": {"show_prev": true, "created": "2011-09-30 11:46:59", "text": null, "title": "", "show_next": true, "modified": "2011-09-30 15:48:22", "slug": "card-2", "theme": null, "card_number": 2, "primary_is_bg": false, "give_images_shadows": false, "is_floating_card": false, "has_lots_of_text": false, "owner": 1, "primary_media": null, "guide": 18, "tags": "", "autoplay": false}}, {"pk": 5, "model": "guides.card", "fields": {"show_prev": true, "created": "2011-09-22 17:05:38", "text": null, "title": "", "show_next": true, "modified": "2011-09-24 15:58:33", "slug": "card-3-2", "theme": null, "card_number": 3, "primary_is_bg": false, "give_images_shadows": false, "is_floating_card": false, "has_lots_of_text": false, "owner": 1, "primary_media": null, "guide": 1, "tags": "", "autoplay": false}}, {"pk": 8, "model": "guides.card", "fields": {"show_prev": true, "created": "2011-09-23 11:37:22", "text": "", "title": "EEk", "show_next": true, "modified": "2011-09-24 00:42:41", "slug": "eek", "theme": null, "card_number": 3, "primary_is_bg": false, "give_images_shadows": false, "is_floating_card": false, "has_lots_of_text": false, "owner": 1, "primary_media": null, "guide": 2, "tags": "", "autoplay": false}}, {"pk": 9, "model": "guides.card", "fields": {"show_prev": true, "created": "2011-09-23 13:46:33", "text": "fffe", "title": "asdf", "show_next": true, "modified": "2011-09-24 00:36:14", "slug": "asdf", "theme": null, "card_number": 3, "primary_is_bg": false, "give_images_shadows": false, "is_floating_card": false, "has_lots_of_text": false, "owner": 1, "primary_media": 3, "guide": 3, "tags": "", "autoplay": false}}, {"pk": 28, "model": "guides.card", "fields": {"show_prev": true, "created": "2011-09-29 10:25:51", "text": "", "title": "", "show_next": true, "modified": "2011-09-29 11:33:30", "slug": "card-3", "theme": null, "card_number": 3, "primary_is_bg": false, "give_images_shadows": false, "is_floating_card": false, "has_lots_of_text": false, "owner": 1, "primary_media": 23, "guide": 19, "tags": "", "autoplay": false}}, {"pk": 40, "model": "guides.card", "fields": {"show_prev": true, "created": "2011-09-29 14:59:12", "text": null, "title": "ttoes new", "show_next": true, "modified": "2011-09-29 16:29:19", "slug": "ttoes-new", "theme": null, "card_number": 3, "primary_is_bg": false, "give_images_shadows": false, "is_floating_card": false, "has_lots_of_text": false, "owner": 1, "primary_media": null, "guide": 20, "tags": "", "autoplay": false}}, {"pk": 45, "model": "guides.card", "fields": {"show_prev": true, "created": "2011-09-30 14:03:16", "text": null, "title": "", "show_next": true, "modified": "2011-09-30 15:48:22", "slug": "card-2-2", "theme": null, "card_number": 3, "primary_is_bg": false, "give_images_shadows": false, "is_floating_card": false, "has_lots_of_text": false, "owner": 1, "primary_media": null, "guide": 18, "tags": "", "autoplay": false}}, {"pk": 29, "model": "guides.card", "fields": {"show_prev": true, "created": "2011-09-29 10:28:05", "text": "", "title": "", "show_next": true, "modified": "2011-09-29 11:33:31", "slug": "card-4", "theme": null, "card_number": 4, "primary_is_bg": false, "give_images_shadows": false, "is_floating_card": false, "has_lots_of_text": false, "owner": 1, "primary_media": 26, "guide": 19, "tags": "", "autoplay": false}}, {"pk": 41, "model": "guides.card", "fields": {"show_prev": true, "created": "2011-09-29 16:29:19", "text": null, "title": "", "show_next": true, "modified": "2011-09-29 16:29:35", "slug": "card-4", "theme": null, "card_number": 4, "primary_is_bg": false, "give_images_shadows": false, "is_floating_card": false, "has_lots_of_text": false, "owner": 1, "primary_media": null, "guide": 20, "tags": "", "autoplay": false}}, {"pk": 46, "model": "guides.card", "fields": {"show_prev": true, "created": "2011-09-30 14:07:32", "text": null, "title": "", "show_next": true, "modified": "2011-09-30 16:19:49", "slug": "card-4", "theme": null, "card_number": 4, "primary_is_bg": false, "give_images_shadows": false, "is_floating_card": false, "has_lots_of_text": false, "owner": 1, "primary_media": null, "guide": 18, "tags": "", "autoplay": false}}, {"pk": 30, "model": "guides.card", "fields": {"show_prev": true, "created": "2011-09-29 10:32:11", "text": "", "title": "", "show_next": true, "modified": "2011-09-29 11:33:31", "slug": "card-5", "theme": null, "card_number": 5, "primary_is_bg": false, "give_images_shadows": false, "is_floating_card": false, "has_lots_of_text": false, "owner": 1, "primary_media": 28, "guide": 19, "tags": "", "autoplay": false}}, {"pk": 47, "model": "guides.card", "fields": {"show_prev": true, "created": "2011-09-30 14:58:15", "text": "", "title": "OOpa'z", "show_next": true, "modified": "2011-09-30 15:48:22", "slug": "oopaz", "theme": null, "card_number": 5, "primary_is_bg": false, "give_images_shadows": false, "is_floating_card": false, "has_lots_of_text": false, "owner": 1, "primary_media": null, "guide": 18, "tags": "", "autoplay": false}}, {"pk": 48, "model": "guides.card", "fields": {"show_prev": true, "created": "2011-09-30 15:48:22", "text": null, "title": "TOTES NEWZZZZz", "show_next": true, "modified": "2011-09-30 15:48:22", "slug": "totes-newzzzzz", "theme": null, "card_number": 5, "primary_is_bg": false, "give_images_shadows": false, "is_floating_card": false, "has_lots_of_text": false, "owner": 1, "primary_media": null, "guide": 18, "tags": "", "autoplay": false}}, {"pk": 31, "model": "guides.card", "fields": {"show_prev": true, "created": "2011-09-29 10:40:32", "text": "", "title": "", "show_next": true, "modified": "2011-09-29 11:33:31", "slug": "card-6", "theme": null, "card_number": 6, "primary_is_bg": false, "give_images_shadows": false, "is_floating_card": false, "has_lots_of_text": false, "owner": 1, "primary_media": 29, "guide": 19, "tags": "", "autoplay": false}}, {"pk": 32, "model": "guides.card", "fields": {"show_prev": true, "created": "2011-09-29 10:47:22", "text": "", "title": "", "show_next": true, "modified": "2011-09-29 11:33:31", "slug": "card-7", "theme": null, "card_number": 7, "primary_is_bg": false, "give_images_shadows": false, "is_floating_card": false, "has_lots_of_text": false, "owner": 1, "primary_media": 30, "guide": 19, "tags": "", "autoplay": false}}, {"pk": 33, "model": "guides.card", "fields": {"show_prev": true, "created": "2011-09-29 10:48:16", "text": "", "title": "", "show_next": true, "modified": "2011-09-29 11:33:31", "slug": "card-8", "theme": null, "card_number": 8, "primary_is_bg": false, "give_images_shadows": false, "is_floating_card": false, "has_lots_of_text": false, "owner": 1, "primary_media": 31, "guide": 19, "tags": "", "autoplay": false}}, {"pk": 34, "model": "guides.card", "fields": {"show_prev": true, "created": "2011-09-29 10:56:06", "text": "", "title": "", "show_next": true, "modified": "2011-09-29 11:33:31", "slug": "card-9", "theme": null, "card_number": 9, "primary_is_bg": false, "give_images_shadows": false, "is_floating_card": false, "has_lots_of_text": false, "owner": 1, "primary_media": 34, "guide": 19, "tags": "", "autoplay": false}}, {"pk": 35, "model": "guides.card", "fields": {"show_prev": true, "created": "2011-09-29 11:17:05", "text": "", "title": "", "show_next": true, "modified": "2011-09-29 11:33:31", "slug": "card-10", "theme": null, "card_number": 10, "primary_is_bg": false, "give_images_shadows": false, "is_floating_card": false, "has_lots_of_text": false, "owner": 1, "primary_media": 39, "guide": 19, "tags": "", "autoplay": false}}, {"pk": 36, "model": "guides.card", "fields": {"show_prev": true, "created": "2011-09-29 11:22:02", "text": "", "title": "", "show_next": true, "modified": "2011-09-29 11:33:31", "slug": "card-11", "theme": null, "card_number": 11, "primary_is_bg": false, "give_images_shadows": false, "is_floating_card": false, "has_lots_of_text": false, "owner": 1, "primary_media": 40, "guide": 19, "tags": "", "autoplay": false}}, {"pk": 37, "model": "guides.card", "fields": {"show_prev": true, "created": "2011-09-29 11:25:35", "text": "", "title": "", "show_next": true, "modified": "2011-09-29 11:33:31", "slug": "card-12", "theme": null, "card_number": 12, "primary_is_bg": false, "give_images_shadows": false, "is_floating_card": false, "has_lots_of_text": false, "owner": 1, "primary_media": 44, "guide": 19, "tags": "", "autoplay": false}}, {"pk": 3, "model": "guides.card", "fields": {"show_prev": true, "created": "2011-09-22 11:08:53", "text": "", "title": "EEeokeofko", "show_next": true, "modified": "2011-09-24 15:58:33", "slug": "eeeokeofko", "theme": null, "card_number": 0, "primary_is_bg": false, "give_images_shadows": false, "is_floating_card": true, "has_lots_of_text": false, "owner": 1, "primary_media": null, "guide": 1, "tags": "", "autoplay": false}}, {"pk": 4, "model": "guides.card", "fields": {"show_prev": true, "created": "2011-09-22 16:24:36", "text": "", "title": "efefefefefeadsfadfasdfasdfasdfadsf", "show_next": true, "modified": "2011-09-24 15:58:33", "slug": "efefefefefeadsfadfasdfasdfasdfadsf", "theme": null, "card_number": 0, "primary_is_bg": false, "give_images_shadows": false, "is_floating_card": true, "has_lots_of_text": false, "owner": 1, "primary_media": null, "guide": 1, "tags": "", "autoplay": false}}, {"pk": 16, "model": "guides.card", "fields": {"show_prev": true, "created": "2011-09-24 13:52:17", "text": "Lorem", "title": "Sidey side.", "show_next": true, "modified": "2011-09-24 16:31:45", "slug": "sidey-side", "theme": null, "card_number": 0, "primary_is_bg": false, "give_images_shadows": false, "is_floating_card": true, "has_lots_of_text": false, "owner": 1, "primary_media": null, "guide": 6, "tags": "", "autoplay": false}}, {"pk": 17, "model": "guides.card", "fields": {"show_prev": true, "created": "2011-09-24 16:07:35", "text": "", "title": "", "show_next": true, "modified": "2011-09-24 16:31:45", "slug": "card-0", "theme": null, "card_number": 0, "primary_is_bg": false, "give_images_shadows": false, "is_floating_card": true, "has_lots_of_text": false, "owner": 1, "primary_media": 12, "guide": 6, "tags": "", "autoplay": false}}, {"pk": 25, "model": "guides.card", "fields": {"show_prev": true, "created": "2011-09-27 16:46:11", "text": "", "title": "Fun.", "show_next": true, "modified": "2011-09-30 15:48:22", "slug": "fun", "theme": null, "card_number": 0, "primary_is_bg": false, "give_images_shadows": false, "is_floating_card": true, "has_lots_of_text": false, "owner": 1, "primary_media": null, "guide": 18, "tags": "", "autoplay": false}}, {"pk": 1, "model": "guides.mediaelement", "fields": {"created": "2011-09-23 13:51:53", "title": "", "action_when_complete": null, "file": 3, "external_file": "", "type": "image", "card": 9}}, {"pk": 2, "model": "guides.mediaelement", "fields": {"created": "2011-09-23 13:51:57", "title": "", "action_when_complete": null, "file": 4, "external_file": "", "type": "image", "card": 9}}, {"pk": 3, "model": "guides.mediaelement", "fields": {"created": "2011-09-23 13:58:08", "title": "", "action_when_complete": null, "file": 5, "external_file": "", "type": "video", "card": 9}}, {"pk": 4, "model": "guides.mediaelement", "fields": {"created": "2011-09-23 14:03:41", "title": "", "action_when_complete": null, "file": 6, "external_file": "", "type": "image", "card": 10}}, {"pk": 5, "model": "guides.mediaelement", "fields": {"created": "2011-09-23 14:03:57", "title": "", "action_when_complete": null, "file": 7, "external_file": "", "type": "image", "card": 10}}, {"pk": 6, "model": "guides.mediaelement", "fields": {"created": "2011-09-23 14:34:04", "title": "", "action_when_complete": null, "file": 8, "external_file": "", "type": "image", "card": 11}}, {"pk": 7, "model": "guides.mediaelement", "fields": {"created": "2011-09-24 00:42:10", "title": "Radishes!", "action_when_complete": null, "file": 9, "external_file": "", "type": "image", "card": 7}}, {"pk": 8, "model": "guides.mediaelement", "fields": {"created": "2011-09-24 01:07:23", "title": "", "action_when_complete": null, "file": 10, "external_file": "", "type": "image", "card": 13}}, {"pk": 9, "model": "guides.mediaelement", "fields": {"created": "2011-09-24 13:42:44", "title": "Image title yo.", "action_when_complete": null, "file": 11, "external_file": "", "type": "image", "card": 15}}, {"pk": 10, "model": "guides.mediaelement", "fields": {"created": "2011-09-24 15:58:17", "title": "", "action_when_complete": null, "file": 12, "external_file": "", "type": "image", "card": 1}}, {"pk": 11, "model": "guides.mediaelement", "fields": {"created": "2011-09-24 15:59:24", "title": "", "action_when_complete": null, "file": 13, "external_file": "", "type": "image", "card": 12}}, {"pk": 12, "model": "guides.mediaelement", "fields": {"created": "2011-09-24 16:08:04", "title": "", "action_when_complete": null, "file": 14, "external_file": "", "type": "image", "card": 17}}, {"pk": 13, "model": "guides.mediaelement", "fields": {"created": "2011-09-27 15:53:04", "title": "This is the title!", "action_when_complete": null, "file": 15, "external_file": "", "type": "image", "card": 22}}, {"pk": 14, "model": "guides.mediaelement", "fields": {"created": "2011-09-27 16:46:05", "title": "", "action_when_complete": null, "file": 16, "external_file": "http://featherfiles.aviary.com/2011-09-29/fe0046e22976491f86d21ac99660dae0.png", "type": "image", "card": 24}}, {"pk": 15, "model": "guides.mediaelement", "fields": {"created": "2011-09-28 15:11:24", "title": "My image title", "action_when_complete": null, "file": 17, "external_file": "http://featherfiles.aviary.com/2011-09-29/28b2d51db9a34c7bbf83357bd30420cd.png", "type": "image", "card": 26}}, {"pk": 16, "model": "guides.mediaelement", "fields": {"created": "2011-09-29 09:38:58", "title": "", "action_when_complete": null, "file": 18, "external_file": "", "type": "image", "card": 26}}, {"pk": 17, "model": "guides.mediaelement", "fields": {"created": "2011-09-29 09:41:28", "title": "", "action_when_complete": null, "file": 19, "external_file": "", "type": "image", "card": 26}}, {"pk": 18, "model": "guides.mediaelement", "fields": {"created": "2011-09-29 09:46:44", "title": "", "action_when_complete": null, "file": 21, "external_file": "", "type": "video", "card": 26}}, {"pk": 19, "model": "guides.mediaelement", "fields": {"created": "2011-09-29 10:01:35", "title": "", "action_when_complete": null, "file": 23, "external_file": "", "type": "video", "card": 27}}, {"pk": 20, "model": "guides.mediaelement", "fields": {"created": "2011-09-29 10:02:32", "title": "", "action_when_complete": null, "file": 24, "external_file": "", "type": "audio", "card": 27}}, {"pk": 21, "model": "guides.mediaelement", "fields": {"created": "2011-09-29 10:15:03", "title": "", "action_when_complete": null, "file": 25, "external_file": "", "type": "image", "card": 27}}, {"pk": 22, "model": "guides.mediaelement", "fields": {"created": "2011-09-29 10:24:44", "title": "", "action_when_complete": null, "file": 27, "external_file": "", "type": "other", "card": 27}}, {"pk": 23, "model": "guides.mediaelement", "fields": {"created": "2011-09-29 10:25:56", "title": "", "action_when_complete": null, "file": 28, "external_file": "", "type": "other", "card": 28}}, {"pk": 24, "model": "guides.mediaelement", "fields": {"created": "2011-09-29 10:26:18", "title": "", "action_when_complete": null, "file": 29, "external_file": "", "type": "image", "card": 28}}, {"pk": 25, "model": "guides.mediaelement", "fields": {"created": "2011-09-29 10:27:20", "title": "", "action_when_complete": null, "file": 30, "external_file": "", "type": "image", "card": 28}}, {"pk": 26, "model": "guides.mediaelement", "fields": {"created": "2011-09-29 10:29:53", "title": "", "action_when_complete": null, "file": 31, "external_file": "", "type": "image", "card": 29}}, {"pk": 28, "model": "guides.mediaelement", "fields": {"created": "2011-09-29 10:39:56", "title": "", "action_when_complete": null, "file": 39, "external_file": "", "type": "other", "card": 30}}, {"pk": 29, "model": "guides.mediaelement", "fields": {"created": "2011-09-29 10:47:02", "title": "r", "action_when_complete": null, "file": 42, "external_file": "", "type": "image", "card": 31}}, {"pk": 30, "model": "guides.mediaelement", "fields": {"created": "2011-09-29 10:48:00", "title": "", "action_when_complete": null, "file": 43, "external_file": "", "type": "image", "card": 32}}, {"pk": 31, "model": "guides.mediaelement", "fields": {"created": "2011-09-29 10:52:47", "title": "", "action_when_complete": null, "file": 46, "external_file": "", "type": "image", "card": 33}}, {"pk": 32, "model": "guides.mediaelement", "fields": {"created": "2011-09-29 10:54:10", "title": "", "action_when_complete": null, "file": 47, "external_file": "", "type": "other", "card": 33}}, {"pk": 33, "model": "guides.mediaelement", "fields": {"created": "2011-09-29 10:54:21", "title": "", "action_when_complete": null, "file": 48, "external_file": "", "type": "image", "card": 33}}, {"pk": 34, "model": "guides.mediaelement", "fields": {"created": "2011-09-29 11:13:24", "title": "", "action_when_complete": null, "file": 57, "external_file": "", "type": "image", "card": 34}}, {"pk": 35, "model": "guides.mediaelement", "fields": {"created": "2011-09-29 11:13:59", "title": "", "action_when_complete": null, "file": 58, "external_file": "", "type": "audio", "card": 34}}, {"pk": 36, "model": "guides.mediaelement", "fields": {"created": "2011-09-29 11:14:35", "title": "", "action_when_complete": null, "file": 59, "external_file": "", "type": "image", "card": 34}}, {"pk": 37, "model": "guides.mediaelement", "fields": {"created": "2011-09-29 11:15:09", "title": "", "action_when_complete": null, "file": 60, "external_file": "", "type": "image", "card": 34}}, {"pk": 38, "model": "guides.mediaelement", "fields": {"created": "2011-09-29 11:19:09", "title": "", "action_when_complete": null, "file": 61, "external_file": "", "type": "image", "card": 35}}, {"pk": 39, "model": "guides.mediaelement", "fields": {"created": "2011-09-29 11:19:36", "title": "", "action_when_complete": null, "file": 62, "external_file": "", "type": "image", "card": 35}}, {"pk": 40, "model": "guides.mediaelement", "fields": {"created": "2011-09-29 11:23:13", "title": "", "action_when_complete": null, "file": 63, "external_file": "", "type": "image", "card": 36}}, {"pk": 41, "model": "guides.mediaelement", "fields": {"created": "2011-09-29 11:24:36", "title": "", "action_when_complete": null, "file": 64, "external_file": "", "type": "audio", "card": 36}}, {"pk": 42, "model": "guides.mediaelement", "fields": {"created": "2011-09-29 11:25:00", "title": "", "action_when_complete": null, "file": 65, "external_file": "", "type": "image", "card": 36}}, {"pk": 43, "model": "guides.mediaelement", "fields": {"created": "2011-09-29 11:33:06", "title": "", "action_when_complete": null, "file": 73, "external_file": "", "type": "other", "card": 37}}, {"pk": 44, "model": "guides.mediaelement", "fields": {"created": "2011-09-29 11:33:20", "title": "", "action_when_complete": null, "file": 74, "external_file": "", "type": "image", "card": 37}}, {"pk": 45, "model": "guides.mediaelement", "fields": {"created": "2011-09-29 14:08:04", "title": "Green noweeee1", "action_when_complete": null, "file": null, "external_file": "http://featherfiles.aviary.com/2011-09-29/938823a8ff2b4671bf3f1a34468fcf86.png", "type": "image", "card": 38}}, {"pk": 46, "model": "guides.mediaelement", "fields": {"created": "2011-09-29 17:35:07", "title": "", "action_when_complete": null, "file": 75, "external_file": "", "type": "image", "card": 43}}, {"pk": 1, "model": "guides.action", "fields": {"goto": 3, "goto_guide": null}}, {"pk": 2, "model": "guides.action", "fields": {"goto": 14, "goto_guide": null}}, {"pk": 3, "model": "guides.action", "fields": {"goto": 23, "goto_guide": null}}, {"pk": 4, "model": "guides.action", "fields": {"goto": 23, "goto_guide": null}}, {"pk": 5, "model": "guides.action", "fields": {"goto": 39, "goto_guide": null}}, {"pk": 6, "model": "guides.action", "fields": {"goto": 40, "goto_guide": null}}, {"pk": 7, "model": "guides.action", "fields": {"goto": 39, "goto_guide": null}}, {"pk": 8, "model": "guides.action", "fields": {"goto": 38, "goto_guide": null}}, {"pk": 9, "model": "guides.action", "fields": {"goto": 38, "goto_guide": null}}, {"pk": 10, "model": "guides.action", "fields": {"goto": 40, "goto_guide": null}}, {"pk": 11, "model": "guides.action", "fields": {"goto": 38, "goto_guide": null}}, {"pk": 12, "model": "guides.action", "fields": {"goto": 38, "goto_guide": null}}, {"pk": 13, "model": "guides.action", "fields": {"goto": 42, "goto_guide": null}}, {"pk": 14, "model": "guides.action", "fields": {"goto": 24, "goto_guide": null}}, {"pk": 15, "model": "guides.action", "fields": {"goto": 44, "goto_guide": null}}, {"pk": 16, "model": "guides.action", "fields": {"goto": 25, "goto_guide": null}}, {"pk": 17, "model": "guides.action", "fields": {"goto": 24, "goto_guide": null}}, {"pk": 18, "model": "guides.action", "fields": {"goto": 44, "goto_guide": null}}, {"pk": 19, "model": "guides.action", "fields": {"goto": 44, "goto_guide": null}}, {"pk": 20, "model": "guides.action", "fields": {"goto": 44, "goto_guide": null}}, {"pk": 21, "model": "guides.action", "fields": {"goto": 24, "goto_guide": null}}, {"pk": 22, "model": "guides.action", "fields": {"goto": 24, "goto_guide": null}}, {"pk": 23, "model": "guides.action", "fields": {"goto": 45, "goto_guide": null}}, {"pk": 24, "model": "guides.action", "fields": {"goto": 24, "goto_guide": null}}, {"pk": 25, "model": "guides.action", "fields": {"goto": 25, "goto_guide": null}}, {"pk": 26, "model": "guides.action", "fields": {"goto": 47, "goto_guide": null}}, {"pk": 27, "model": "guides.action", "fields": {"goto": 24, "goto_guide": null}}, {"pk": 28, "model": "guides.action", "fields": {"goto": 45, "goto_guide": null}}, {"pk": 29, "model": "guides.action", "fields": {"goto": 24, "goto_guide": null}}, {"pk": 30, "model": "guides.action", "fields": {"goto": 45, "goto_guide": null}}, {"pk": 31, "model": "guides.action", "fields": {"goto": null, "goto_guide": null}}, {"pk": 32, "model": "guides.action", "fields": {"goto": null, "goto_guide": null}}, {"pk": 33, "model": "guides.action", "fields": {"goto": 48, "goto_guide": null}}, {"pk": 34, "model": "guides.action", "fields": {"goto": 24, "goto_guide": null}}, {"pk": 35, "model": "guides.action", "fields": {"goto": null, "goto_guide": null}}, {"pk": 1, "model": "guides.inputelement", "fields": {"ding_when_done": false, "minutes": 0, "seconds": 0, "big": false, "required": false, "sub_title": null, "button_text": "sdf", "execute_action_when_done": true, "should_save_answer": false, "auto_start": true, "default_action": 1, "no_match_message": null, "type": "button", "card": 1}}, {"pk": 2, "model": "guides.inputelement", "fields": {"ding_when_done": false, "minutes": 0, "seconds": 0, "big": false, "required": false, "sub_title": null, "button_text": "Do someethinggg.", "execute_action_when_done": true, "should_save_answer": false, "auto_start": true, "default_action": 2, "no_match_message": null, "type": "button", "card": 15}}, {"pk": 3, "model": "guides.inputelement", "fields": {"ding_when_done": false, "minutes": 0, "seconds": 0, "big": false, "required": false, "sub_title": null, "button_text": "My button", "execute_action_when_done": true, "should_save_answer": false, "auto_start": true, "default_action": 3, "no_match_message": null, "type": "button", "card": 22}}, {"pk": 4, "model": "guides.inputelement", "fields": {"ding_when_done": false, "minutes": 0, "seconds": 0, "big": false, "required": false, "sub_title": null, "button_text": "I am so adding a button", "execute_action_when_done": true, "should_save_answer": false, "auto_start": true, "default_action": 4, "no_match_message": null, "type": "button", "card": 22}}, {"pk": 5, "model": "guides.inputelement", "fields": {"ding_when_done": false, "minutes": 0, "seconds": 0, "big": false, "required": false, "sub_title": null, "button_text": "efefefe", "execute_action_when_done": true, "should_save_answer": false, "auto_start": true, "default_action": 5, "no_match_message": null, "type": "button", "card": 38}}, {"pk": 6, "model": "guides.inputelement", "fields": {"ding_when_done": false, "minutes": 0, "seconds": 0, "big": false, "required": false, "sub_title": null, "button_text": "gogoogo ", "execute_action_when_done": true, "should_save_answer": false, "auto_start": true, "default_action": 7, "no_match_message": null, "type": "button", "card": 38}}, {"pk": 7, "model": "guides.inputelement", "fields": {"ding_when_done": false, "minutes": 0, "seconds": 1, "big": false, "required": false, "sub_title": null, "button_text": "e", "execute_action_when_done": true, "should_save_answer": false, "auto_start": true, "default_action": 10, "no_match_message": null, "type": "timer", "card": 38}}, {"pk": 8, "model": "guides.inputelement", "fields": {"ding_when_done": false, "minutes": 0, "seconds": 1, "big": false, "required": false, "sub_title": null, "button_text": "my sweet timer", "execute_action_when_done": true, "should_save_answer": false, "auto_start": true, "default_action": 12, "no_match_message": null, "type": "timer", "card": 41}}, {"pk": 9, "model": "guides.inputelement", "fields": {"ding_when_done": false, "minutes": 0, "seconds": 0, "big": false, "required": false, "sub_title": null, "button_text": "go to title", "execute_action_when_done": true, "should_save_answer": false, "auto_start": true, "default_action": 13, "no_match_message": null, "type": "button", "card": 43}}, {"pk": 11, "model": "guides.inputelement", "fields": {"ding_when_done": false, "minutes": 0, "seconds": 0, "big": false, "required": false, "sub_title": null, "button_text": "My button!", "execute_action_when_done": true, "should_save_answer": false, "auto_start": true, "default_action": 24, "no_match_message": null, "type": "button", "card": 47}}, {"pk": 13, "model": "guides.inputelement", "fields": {"ding_when_done": false, "minutes": 1, "seconds": 0, "big": false, "required": false, "sub_title": null, "button_text": "uno momento", "execute_action_when_done": true, "should_save_answer": false, "auto_start": true, "default_action": 30, "no_match_message": null, "type": "timer", "card": 46}}, {"pk": 14, "model": "guides.inputelement", "fields": {"ding_when_done": false, "minutes": 0, "seconds": 0, "big": false, "required": false, "sub_title": null, "button_text": "gogogo", "execute_action_when_done": true, "should_save_answer": false, "auto_start": true, "default_action": 28, "no_match_message": null, "type": "button", "card": 46}}, {"pk": 15, "model": "guides.inputelement", "fields": {"ding_when_done": false, "minutes": 0, "seconds": 0, "big": false, "required": false, "sub_title": null, "button_text": "f", "execute_action_when_done": true, "should_save_answer": false, "auto_start": true, "default_action": 34, "no_match_message": null, "type": "button", "card": 46}}, {"pk": 61, "model": "auth.permission", "fields": {"codename": "add_upvote", "name": "Can add upvote", "content_type": 21}}, {"pk": 62, "model": "auth.permission", "fields": {"codename": "change_upvote", "name": "Can change upvote", "content_type": 21}}, {"pk": 63, "model": "auth.permission", "fields": {"codename": "delete_upvote", "name": "Can delete upvote", "content_type": 21}}, {"pk": 55, "model": "auth.permission", "fields": {"codename": "add_userprofile", "name": "Can add profile", "content_type": 19}}, {"pk": 56, "model": "auth.permission", "fields": {"codename": "change_userprofile", "name": "Can change profile", "content_type": 19}}, {"pk": 57, "model": "auth.permission", "fields": {"codename": "delete_userprofile", "name": "Can delete profile", "content_type": 19}}, {"pk": 58, "model": "auth.permission", "fields": {"codename": "add_viewing", "name": "Can add viewing", "content_type": 20}}, {"pk": 59, "model": "auth.permission", "fields": {"codename": "change_viewing", "name": "Can change viewing", "content_type": 20}}, {"pk": 60, "model": "auth.permission", "fields": {"codename": "delete_viewing", "name": "Can delete viewing", "content_type": 20}}, {"pk": 22, "model": "auth.permission", "fields": {"codename": "add_logentry", "name": "Can add log entry", "content_type": 8}}, {"pk": 23, "model": "auth.permission", "fields": {"codename": "change_logentry", "name": "Can change log entry", "content_type": 8}}, {"pk": 24, "model": "auth.permission", "fields": {"codename": "delete_logentry", "name": "Can delete log entry", "content_type": 8}}, {"pk": 4, "model": "auth.permission", "fields": {"codename": "add_group", "name": "Can add group", "content_type": 2}}, {"pk": 5, "model": "auth.permission", "fields": {"codename": "change_group", "name": "Can change group", "content_type": 2}}, {"pk": 6, "model": "auth.permission", "fields": {"codename": "delete_group", "name": "Can delete group", "content_type": 2}}, {"pk": 10, "model": "auth.permission", "fields": {"codename": "add_message", "name": "Can add message", "content_type": 4}}, {"pk": 11, "model": "auth.permission", "fields": {"codename": "change_message", "name": "Can change message", "content_type": 4}}, {"pk": 12, "model": "auth.permission", "fields": {"codename": "delete_message", "name": "Can delete message", "content_type": 4}}, {"pk": 1, "model": "auth.permission", "fields": {"codename": "add_permission", "name": "Can add permission", "content_type": 1}}, {"pk": 2, "model": "auth.permission", "fields": {"codename": "change_permission", "name": "Can change permission", "content_type": 1}}, {"pk": 3, "model": "auth.permission", "fields": {"codename": "delete_permission", "name": "Can delete permission", "content_type": 1}}, {"pk": 7, "model": "auth.permission", "fields": {"codename": "add_user", "name": "Can add user", "content_type": 3}}, {"pk": 8, "model": "auth.permission", "fields": {"codename": "change_user", "name": "Can change user", "content_type": 3}}, {"pk": 9, "model": "auth.permission", "fields": {"codename": "delete_user", "name": "Can delete user", "content_type": 3}}, {"pk": 13, "model": "auth.permission", "fields": {"codename": "add_contenttype", "name": "Can add content type", "content_type": 5}}, {"pk": 14, "model": "auth.permission", "fields": {"codename": "change_contenttype", "name": "Can change content type", "content_type": 5}}, {"pk": 15, "model": "auth.permission", "fields": {"codename": "delete_contenttype", "name": "Can delete content type", "content_type": 5}}, {"pk": 64, "model": "auth.permission", "fields": {"codename": "add_image", "name": "Can add image", "content_type": 22}}, {"pk": 65, "model": "auth.permission", "fields": {"codename": "change_image", "name": "Can change image", "content_type": 22}}, {"pk": 66, "model": "auth.permission", "fields": {"codename": "delete_image", "name": "Can delete image", "content_type": 22}}, {"pk": 67, "model": "auth.permission", "fields": {"codename": "add_userfile", "name": "Can add user file", "content_type": 23}}, {"pk": 68, "model": "auth.permission", "fields": {"codename": "change_userfile", "name": "Can change user file", "content_type": 23}}, {"pk": 69, "model": "auth.permission", "fields": {"codename": "delete_userfile", "name": "Can delete user file", "content_type": 23}}, {"pk": 85, "model": "auth.permission", "fields": {"codename": "add_action", "name": "Can add action", "content_type": 29}}, {"pk": 86, "model": "auth.permission", "fields": {"codename": "change_action", "name": "Can change action", "content_type": 29}}, {"pk": 87, "model": "auth.permission", "fields": {"codename": "delete_action", "name": "Can delete action", "content_type": 29}}, {"pk": 76, "model": "auth.permission", "fields": {"codename": "add_card", "name": "Can add card", "content_type": 26}}, {"pk": 77, "model": "auth.permission", "fields": {"codename": "change_card", "name": "Can change card", "content_type": 26}}, {"pk": 78, "model": "auth.permission", "fields": {"codename": "delete_card", "name": "Can delete card", "content_type": 26}}, {"pk": 79, "model": "auth.permission", "fields": {"codename": "add_commentcard", "name": "Can add comment card", "content_type": 27}}, {"pk": 80, "model": "auth.permission", "fields": {"codename": "change_commentcard", "name": "Can change comment card", "content_type": 27}}, {"pk": 81, "model": "auth.permission", "fields": {"codename": "delete_commentcard", "name": "Can delete comment card", "content_type": 27}}, {"pk": 88, "model": "auth.permission", "fields": {"codename": "add_condition", "name": "Can add condition", "content_type": 30}}, {"pk": 89, "model": "auth.permission", "fields": {"codename": "change_condition", "name": "Can change condition", "content_type": 30}}, {"pk": 90, "model": "auth.permission", "fields": {"codename": "delete_condition", "name": "Can delete condition", "content_type": 30}}, {"pk": 73, "model": "auth.permission", "fields": {"codename": "add_guide", "name": "Can add guide", "content_type": 25}}, {"pk": 74, "model": "auth.permission", "fields": {"codename": "change_guide", "name": "Can change guide", "content_type": 25}}, {"pk": 75, "model": "auth.permission", "fields": {"codename": "delete_guide", "name": "Can delete guide", "content_type": 25}}, {"pk": 97, "model": "auth.permission", "fields": {"codename": "add_inputelement", "name": "Can add input element", "content_type": 33}}, {"pk": 98, "model": "auth.permission", "fields": {"codename": "change_inputelement", "name": "Can change input element", "content_type": 33}}, {"pk": 99, "model": "auth.permission", "fields": {"codename": "delete_inputelement", "name": "Can delete input element", "content_type": 33}}, {"pk": 94, "model": "auth.permission", "fields": {"codename": "add_mapelement", "name": "Can add map element", "content_type": 32}}, {"pk": 95, "model": "auth.permission", "fields": {"codename": "change_mapelement", "name": "Can change map element", "content_type": 32}}, {"pk": 96, "model": "auth.permission", "fields": {"codename": "delete_mapelement", "name": "Can delete map element", "content_type": 32}}, {"pk": 91, "model": "auth.permission", "fields": {"codename": "add_mappointelement", "name": "Can add map point element", "content_type": 31}}, {"pk": 92, "model": "auth.permission", "fields": {"codename": "change_mappointelement", "name": "Can change map point element", "content_type": 31}}, {"pk": 93, "model": "auth.permission", "fields": {"codename": "delete_mappointelement", "name": "Can delete map point element", "content_type": 31}}, {"pk": 82, "model": "auth.permission", "fields": {"codename": "add_mediaelement", "name": "Can add media element", "content_type": 28}}, {"pk": 83, "model": "auth.permission", "fields": {"codename": "change_mediaelement", "name": "Can change media element", "content_type": 28}}, {"pk": 84, "model": "auth.permission", "fields": {"codename": "delete_mediaelement", "name": "Can delete media element", "content_type": 28}}, {"pk": 70, "model": "auth.permission", "fields": {"codename": "add_theme", "name": "Can add theme", "content_type": 24}}, {"pk": 71, "model": "auth.permission", "fields": {"codename": "change_theme", "name": "Can change theme", "content_type": 24}}, {"pk": 72, "model": "auth.permission", "fields": {"codename": "delete_theme", "name": "Can delete theme", "content_type": 24}}, {"pk": 34, "model": "auth.permission", "fields": {"codename": "add_invitationkey", "name": "Can add invitation key", "content_type": 12}}, {"pk": 35, "model": "auth.permission", "fields": {"codename": "change_invitationkey", "name": "Can change invitation key", "content_type": 12}}, {"pk": 36, "model": "auth.permission", "fields": {"codename": "delete_invitationkey", "name": "Can delete invitation key", "content_type": 12}}, {"pk": 37, "model": "auth.permission", "fields": {"codename": "add_invitationuser", "name": "Can add invitation user", "content_type": 13}}, {"pk": 38, "model": "auth.permission", "fields": {"codename": "change_invitationuser", "name": "Can change invitation user", "content_type": 13}}, {"pk": 39, "model": "auth.permission", "fields": {"codename": "delete_invitationuser", "name": "Can delete invitation user", "content_type": 13}}, {"pk": 25, "model": "auth.permission", "fields": {"codename": "add_group_perms", "name": "Can add group_ perms", "content_type": 9}}, {"pk": 26, "model": "auth.permission", "fields": {"codename": "change_group_perms", "name": "Can change group_ perms", "content_type": 9}}, {"pk": 27, "model": "auth.permission", "fields": {"codename": "delete_group_perms", "name": "Can delete group_ perms", "content_type": 9}}, {"pk": 40, "model": "auth.permission", "fields": {"codename": "add_registrationprofile", "name": "Can add registration profile", "content_type": 14}}, {"pk": 41, "model": "auth.permission", "fields": {"codename": "change_registrationprofile", "name": "Can change registration profile", "content_type": 14}}, {"pk": 42, "model": "auth.permission", "fields": {"codename": "delete_registrationprofile", "name": "Can delete registration profile", "content_type": 14}}, {"pk": 16, "model": "auth.permission", "fields": {"codename": "add_session", "name": "Can add session", "content_type": 6}}, {"pk": 17, "model": "auth.permission", "fields": {"codename": "change_session", "name": "Can change session", "content_type": 6}}, {"pk": 18, "model": "auth.permission", "fields": {"codename": "delete_session", "name": "Can delete session", "content_type": 6}}, {"pk": 19, "model": "auth.permission", "fields": {"codename": "add_site", "name": "Can add site", "content_type": 7}}, {"pk": 20, "model": "auth.permission", "fields": {"codename": "change_site", "name": "Can change site", "content_type": 7}}, {"pk": 21, "model": "auth.permission", "fields": {"codename": "delete_site", "name": "Can delete site", "content_type": 7}}, {"pk": 52, "model": "auth.permission", "fields": {"codename": "add_migrationhistory", "name": "Can add migration history", "content_type": 18}}, {"pk": 53, "model": "auth.permission", "fields": {"codename": "change_migrationhistory", "name": "Can change migration history", "content_type": 18}}, {"pk": 54, "model": "auth.permission", "fields": {"codename": "delete_migrationhistory", "name": "Can delete migration history", "content_type": 18}}, {"pk": 28, "model": "auth.permission", "fields": {"codename": "add_tag", "name": "Can add tag", "content_type": 10}}, {"pk": 29, "model": "auth.permission", "fields": {"codename": "change_tag", "name": "Can change tag", "content_type": 10}}, {"pk": 30, "model": "auth.permission", "fields": {"codename": "delete_tag", "name": "Can delete tag", "content_type": 10}}, {"pk": 31, "model": "auth.permission", "fields": {"codename": "add_taggeditem", "name": "Can add tagged item", "content_type": 11}}, {"pk": 32, "model": "auth.permission", "fields": {"codename": "change_taggeditem", "name": "Can change tagged item", "content_type": 11}}, {"pk": 33, "model": "auth.permission", "fields": {"codename": "delete_taggeditem", "name": "Can delete tagged item", "content_type": 11}}, {"pk": 46, "model": "auth.permission", "fields": {"codename": "add_apiaccess", "name": "Can add api access", "content_type": 16}}, {"pk": 47, "model": "auth.permission", "fields": {"codename": "change_apiaccess", "name": "Can change api access", "content_type": 16}}, {"pk": 48, "model": "auth.permission", "fields": {"codename": "delete_apiaccess", "name": "Can delete api access", "content_type": 16}}, {"pk": 49, "model": "auth.permission", "fields": {"codename": "add_apikey", "name": "Can add api key", "content_type": 17}}, {"pk": 50, "model": "auth.permission", "fields": {"codename": "change_apikey", "name": "Can change api key", "content_type": 17}}, {"pk": 51, "model": "auth.permission", "fields": {"codename": "delete_apikey", "name": "Can delete api key", "content_type": 17}}, {"pk": 43, "model": "auth.permission", "fields": {"codename": "add_thef", "name": "Can add the f", "content_type": 15}}, {"pk": 44, "model": "auth.permission", "fields": {"codename": "change_thef", "name": "Can change the f", "content_type": 15}}, {"pk": 45, "model": "auth.permission", "fields": {"codename": "delete_thef", "name": "Can delete the f", "content_type": 15}}, {"pk": 1, "model": "auth.user", "fields": {"username": "test", "first_name": "", "last_name": "", "is_active": true, "is_superuser": true, "is_staff": true, "last_login": "2011-09-24 13:27:27", "groups": [], "user_permissions": [], "password": "sha1$81dd2$672d160955affabebe6dc282d9375f0b4cde8f94", "email": "t@t.com", "date_joined": "2011-09-22 11:07:52"}}, {"pk": 2, "model": "auth.user", "fields": {"username": "test2", "first_name": "", "last_name": "", "is_active": true, "is_superuser": false, "is_staff": false, "last_login": "2011-09-23 14:46:18", "groups": [], "user_permissions": [61, 62, 63, 55, 56, 57, 58, 59, 60, 22, 23, 24, 4, 5, 6, 10, 11, 12, 1, 2, 3, 7, 8, 9, 13, 14, 15, 64, 65, 66, 67, 68, 69, 85, 86, 87, 76, 77, 78, 79, 80, 81, 88, 89, 90, 73, 74, 75, 97, 98, 99, 94, 95, 96, 91, 92, 93, 82, 83, 84, 70, 71, 72, 34, 35, 36, 37, 38, 39, 25, 26, 27, 40, 41, 42, 16, 17, 18, 19, 20, 21, 52, 53, 54, 28, 29, 30, 31, 32, 33, 46, 47, 48, 49, 50, 51, 43, 44, 45], "password": "sha1$d4ccc$340b2ee8b5ecb76d1452c7f2827164b5c37d69cc", "email": "", "date_joined": "2011-09-23 14:46:02"}}]